no,agency,corp_name,year,designation_type,industry,ghg_tco2eq,energy_tj,verifier,remark
1,환경부,(유)남해환경,2023,사업장,폐기물 처리업,29884.0,196.0,(재)한국품질재단,
2,환경부,(유)남해환경,2023,사업장,폐기물 처리업,29884.0,196.0,(재)한국품질재단,
3,환경부,(유)에스케이씨에보닉페록사이드코리아,2023,사업장,기초 화학물질 제조업,37721.0,773.0,(재)한국품질재단,
4,환경부,(유)청명,2023,사업장,폐기물,19665.0,392.0,㈜한국품질보증원,
5,환경부,(유)청명,2023,사업장,폐기물,19665.0,392.0,㈜한국품질보증원,
6,국토교통부,(유)호남고속,2023,사업장,교통(여객),21201.0,327.0,(주)한국경영인증원,
7,국토교통부,(유)호남고속,2023,사업장,교통(여객),21201.0,327.0,(주)한국경영인증원,
8,국토교통부,(재)우체국물류지원단,2023,사업장,육상운송 및 파이프라인 운송업,18259.0,269.0,(주)한국경영인증원,
9,국토교통부,(재)우체국물류지원단,2023,사업장,육상운송 및 파이프라인 운송업,18259.0,269.0,(주)한국경영인증원,
10,환경부,(주)HJ매그놀리아용평호텔앤리조트,2023,사업장,일반 및 생활 숙박시설 운영업,34421.0,687.0,(재)한국품질재단,
11,환경부,(주)MSC,2023,사업장,기타 식품 제조업,28764.0,578.0,(주)한국경영인증원,
12,환경부,(주)SIMPAC,2023,업체,1차 철강 제조업,232970.0,2524.0,한국표준협회,
13,환경부,(주)SUN&L,2023,사업장,나무제품 제조업,60377.0,2405.0,한국표준협회,
14,환경부,(주)강원랜드,2023,사업장,유원지 및 기타 오락관련 서비스업,79240.0,1598.0,로이드인증원㈜,
15,환경부,(주)건화,2023,사업장,선박 및 보트 건조업,36955.0,668.0,한국표준협회,
16,환경부,(주)경기고속,2023,업체,육상 여객 운송업,119748.0,1903.0,(주)한국경영인증원,
17,환경부,(주)경동,2023,업체,석탄 광업,200831.0,389.0,(재)한국품질재단,
18,산업통상자원부,(주)경동원,2023,사업장,기계,8281.0,163.0,한국표준협회,
19,산업통상자원부,(주)경동원,2023,사업장,기계,8281.0,163.0,한국표준협회,
20,산업통상자원부,(주)경보제약,2023,사업장,석유화학,12824.0,284.0,한국표준협회,
21,산업통상자원부,(주)경보제약,2023,사업장,석유화학,12824.0,284.0,한국표준협회,
22,환경부,(주)경북고속,2023,사업장,육상 여객 운송업,28657.0,406.0,(주)한국경영인증원,
23,산업통상자원부,(주)경신전선,2023,사업장,전기전자,15452.0,320.0,로이드인증원㈜,
24,산업통상자원부,(주)경신전선,2023,사업장,전기전자,15452.0,320.0,로이드인증원㈜,
25,환경부,(주)그린스코,2023,사업장,폐기물 처리업,44371.0,120.0,(주)한국경영인증원,
26,환경부,(주)금남고속,2023,사업장,육상 여객 운송업,22663.0,323.0,(주)한국경영인증원,
27,환경부,(주)금비,2023,사업장,유리 및 유리제품 제조업,82890.0,1160.0,한국표준협회,
28,해양수산부,(주)남해고속,2023,사업장,교통(해운),23780.0,338.0,한국표준협회,
29,해양수산부,(주)남해고속,2023,사업장,교통(해운),23780.0,338.0,한국표준협회,
30,산업통상자원부,(주)네오오토,2023,사업장,자동차,16828.0,348.0,(주)한국경영인증원,
31,산업통상자원부,(주)네오오토,2023,사업장,자동차,16828.0,348.0,(주)한국경영인증원,
32,산업통상자원부,(주)네패스,2023,사업장,반도체,17017.0,351.0,(주)비에스아이그룹코리아,
33,산업통상자원부,(주)네패스,2023,사업장,반도체,17017.0,351.0,(주)비에스아이그룹코리아,
34,산업통상자원부,(주)넥센,2023,사업장,석유화학,17806.0,362.0,한국표준협회,
35,산업통상자원부,(주)넥센,2023,사업장,석유화학,17806.0,362.0,한국표준협회,
36,환경부,(주)농협물류,2023,사업장,도로 화물 운송업,30046.0,434.0,한국표준협회,
37,농림축산식품부,(주)농협사료,2023,업체,식료품 제조업,88898.0,1829.0,(재)한국품질재단,
38,농림축산식품부,(주)농협사료,2023,업체,식료품 제조업,88898.0,1829.0,(재)한국품질재단,
39,환경부,(주)다나에너지솔루션,2023,사업장,폐기물 처리업,61594.0,189.0,(주)한국경영인증원,
40,산업통상자원부,(주)대농,2023,사업장,섬유,9955.0,207.0,지속가능인증원주식회사,
41,산업통상자원부,(주)대농,2023,사업장,섬유,9955.0,207.0,지속가능인증원주식회사,
42,환경부,(주)대동세라믹,2023,사업장,"내화, 비내화 요업제품 제조업",34712.0,624.0,(주)한국경영인증원,
43,환경부,(주)대림제지,2023,사업장,"펄프, 종이 및 판지 제조업",108392.0,1650.0,(재)한국품질재단,
44,산업통상자원부,(주)대양금속,2023,사업장,기계,19503.0,386.0,(재)한국품질재단,
45,산업통상자원부,(주)대양금속,2023,사업장,기계,19503.0,386.0,(재)한국품질재단,
46,국토교통부,(주)대우건설,2023,업체,건설,58077.0,1200.0,한국표준협회,
47,국토교통부,(주)대우건설,2023,업체,건설,58077.0,1200.0,한국표준협회,
48,산업통상자원부,(주)대욱케스트,2023,사업장,철강,15631.0,290.0,(주)한국경영인증원,
49,산업통상자원부,(주)대욱케스트,2023,사업장,철강,15631.0,290.0,(주)한국경영인증원,
50,환경부,(주)대원고속,2023,업체,육상 여객 운송업,121483.0,1955.0,(주)한국경영인증원,
51,환경부,(주)대원농산,2023,사업장,폐기물,20377.0,132.0,㈜한국품질보증원,
52,환경부,(주)대원농산,2023,사업장,폐기물,20377.0,132.0,㈜한국품질보증원,
53,환경부,(주)대원버스,2023,사업장,육상 여객 운송업,33931.0,580.0,(주)한국경영인증원,
54,국토교통부,(주)대원여객,2023,사업장,교통(여객),16542.0,317.0,(주)한국경영인증원,
55,국토교통부,(주)대원여객,2023,사업장,교통(여객),16542.0,317.0,(주)한국경영인증원,
56,환경부,(주)대원운수,2023,사업장,육상 여객 운송업,35334.0,589.0,(주)한국경영인증원,
57,환경부,(주)대유코아,2023,사업장,"시멘트, 석회, 플라스터 및 그 외 제품 제조업",111888.0,781.0,로이드인증원㈜,
58,산업통상자원부,(주)대천텍스타일,2023,사업장,섬유,16178.0,242.0,한국표준협회,
59,산업통상자원부,(주)대천텍스타일,2023,사업장,섬유,16178.0,242.0,한국표준협회,
60,산업통상자원부,(주)대호특수강,2023,사업장,철강,38145.0,763.0,로이드인증원㈜,
61,산업통상자원부,(주)대호특수강,2023,사업장,철강,38145.0,763.0,로이드인증원㈜,
62,환경부,(주)대화제지,2023,사업장,"펄프, 종이 및 판지 제조업",349.0,6.0,㈜한국품질보증원,
63,산업통상자원부,(주)동광화학,2023,사업장,석유화학,23472.0,484.0,(주)한국경영인증원,
64,산업통상자원부,(주)동광화학,2023,사업장,석유화학,23472.0,484.0,(주)한국경영인증원,
65,환경부,(주)동남,2023,사업장,1차 비철금속 제조업,56406.0,878.0,한국표준협회,
66,환경부,(주)동방,2023,사업장,도로 화물 운송업,59299.0,866.0,대일이엔씨기술(주),
67,환경부,(주)동서기공,2023,사업장,자동차 신품 부품 제조업,46531.0,961.0,(주)한국경영인증원,
68,환경부,(주)동신포리마,2023,사업장,플라스틱 제품 제조업,33644.0,689.0,(주)한국경영인증원,
69,환경부,(주)동양고속,2023,사업장,육상 여객 운송업,54429.0,765.0,(주)한국경영인증원,
70,환경부,(주)동양환경,2023,업체,폐기물 처리업,223315.0,833.0,(재)한국품질재단,
71,농림축산식품부,(주)동우팜투테이블,2023,사업장,식료품 제조업,14996.0,302.0,(주)한국경영인증원,
72,농림축산식품부,(주)동우팜투테이블,2023,사업장,식료품 제조업,14996.0,302.0,(주)한국경영인증원,
73,농림축산식품부,(주)동원F&B,2023,업체,식료품 제조업,81061.0,1761.0,(주)한국경영인증원,
74,농림축산식품부,(주)동원F&B,2023,업체,식료품 제조업,81061.0,1761.0,(주)한국경영인증원,
75,산업통상자원부,(주)동진쎄미켐,2023,사업장,석유화학,24366.0,496.0,(주)한국경영인증원,
76,산업통상자원부,(주)동진쎄미켐,2023,사업장,석유화학,24366.0,496.0,(주)한국경영인증원,
77,산업통상자원부,(주)두산,2023,업체,전기전자,55566.0,1105.0,(재)한국품질재단,
78,산업통상자원부,(주)두산,2023,업체,전기전자,55566.0,1105.0,(재)한국품질재단,
79,산업통상자원부,(주)두산테스나,2023,사업장,반도체,28533.0,596.0,(재)한국품질재단,
80,산업통상자원부,(주)두산테스나,2023,사업장,반도체,28533.0,596.0,(재)한국품질재단,
81,산업통상자원부,(주)디알액시온,2023,사업장,비철금속,12929.0,263.0,(재)한국품질재단,
82,산업통상자원부,(주)디알액시온,2023,사업장,비철금속,12929.0,263.0,(재)한국품질재단,
83,환경부,(주)디에이피,2023,사업장,전자 부품 제조업,78957.0,1637.0,(주)한국경영인증원,
84,산업통상자원부,(주)디케이씨,2023,사업장,철강,19341.0,389.0,한국표준협회,
85,산업통상자원부,(주)디케이씨,2023,사업장,철강,19341.0,389.0,한국표준협회,
86,산업통상자원부,(주)로옴코리아,2023,사업장,반도체,15399.0,321.0,㈜한국품질보증원,
87,산업통상자원부,(주)로옴코리아,2023,사업장,반도체,15399.0,321.0,㈜한국품질보증원,
88,농림축산식품부,(주)면사랑,2023,사업장,식료품 제조업,23813.0,517.0,한국표준협회,
89,농림축산식품부,(주)면사랑,2023,사업장,식료품 제조업,23813.0,517.0,한국표준협회,
90,환경부,(주)모나리자,2023,사업장,"펄프, 종이 및 판지 제조업",42114.0,771.0,(주)한국경영인증원,
91,환경부,(주)미래페이퍼,2023,사업장,"펄프, 종이 및 판지 제조업",61595.0,1006.0,한국표준협회,
92,산업통상자원부,(주)방림,2023,사업장,섬유,21948.0,334.0,한국표준협회,
93,산업통상자원부,(주)방림,2023,사업장,섬유,21948.0,334.0,한국표준협회,
94,환경부,(주)베르상스퍼시픽,2023,사업장,유리 및 유리제품 제조업,29605.0,498.0,로이드인증원㈜,
95,환경부,(주)벽산,2023,사업장,유리 및 유리제품 제조업,121756.0,2215.0,한국표준협회,
96,환경부,(주)보림씨에스,2023,업체,폐기물 처리업,55285.0,22.0,(재)한국품질재단,
97,환경부,(주)보림씨에스,2023,업체,폐기물 처리업,55285.0,22.0,(재)한국품질재단,
98,환경부,(주)부산도시가스,2023,사업장,"증기, 냉ㆍ온수 및 공기 조절 공급업",57233.0,312.0,(주)한국경영인증원,
99,산업통상자원부,(주)비에이치,2023,사업장,전기전자,18487.0,357.0,한국표준협회,
100,산업통상자원부,(주)비에이치,2023,사업장,전기전자,18487.0,357.0,한국표준협회,
101,산업통상자원부,(주)비엠금속,2023,사업장,철강,14762.0,274.0,(주)한국경영인증원,
102,산업통상자원부,(주)비엠금속,2023,사업장,철강,14762.0,274.0,(주)한국경영인증원,
103,농림축산식품부,(주)빙그레,2023,업체,식료품 제조업,57280.0,1151.0,(주)한국경영인증원,
104,농림축산식품부,(주)빙그레,2023,업체,식료품 제조업,57280.0,1151.0,(주)한국경영인증원,
105,환경부,(주)삼동,2023,사업장,절연선 및 케이블 제조업,46429.0,959.0,한국표준협회,
106,국토교통부,(주)삼우에프앤지,2023,사업장,교통(화물),20414.0,338.0,한국표준협회,
107,국토교통부,(주)삼우에프앤지,2023,사업장,교통(화물),20414.0,338.0,한국표준협회,
108,환경부,(주)삼원강재,2023,사업장,자동차 신품 부품 제조업,32353.0,656.0,(재)한국품질재단,
109,환경부,(주)삼천리,2023,사업장,"증기, 냉ㆍ온수 및 공기 조절 공급업",100536.0,1787.0,한국가스안전공사,
110,환경부,(주)삼표산업,2023,업체,"시멘트, 석회, 플라스터 및 그 외 제품 제조업",99894.0,1759.0,(재)한국품질재단,
111,환경부,(주)삼현,2023,사업장,"내화, 비내화 요업제품 제조업",25800.0,448.0,한국표준협회,
112,국토교통부,(주)삼화고속,2023,사업장,교통(여객),11341.0,162.0,(주)한국경영인증원,
113,국토교통부,(주)삼화고속,2023,사업장,교통(여객),11341.0,162.0,(주)한국경영인증원,
114,산업통상자원부,(주)삼화양행,2023,업체,전기전자,49166.0,1015.0,(주)한국경영인증원,
115,산업통상자원부,(주)삼화양행,2023,업체,전기전자,49166.0,1015.0,(주)한국경영인증원,
116,환경부,(주)상공에너지,2023,사업장,"증기, 냉ㆍ온수 및 공기 조절 공급업",6692.0,1653.0,㈜한국품질보증원,
117,농림축산식품부,(주)샤니,2023,사업장,식료품 제조업,34755.0,706.0,(주)비에스아이그룹코리아,
118,농림축산식품부,(주)샤니,2023,사업장,식료품 제조업,34755.0,706.0,(주)비에스아이그룹코리아,
119,산업통상자원부,(주)서원,2023,사업장,비철금속,12122.0,250.0,한국가스안전공사,
120,산업통상자원부,(주)서원,2023,사업장,비철금속,12122.0,250.0,한국가스안전공사,
121,산업통상자원부,(주)서진캠 평택공장,2023,사업장,자동차,11735.0,245.0,(주)한국경영인증원,
122,산업통상자원부,(주)서진캠 평택공장,2023,사업장,자동차,11735.0,245.0,(주)한국경영인증원,
123,환경부,(주)서흥,2023,사업장,기타 식품 제조업,36087.0,742.0,한국표준협회,
124,산업통상자원부,(주)선일다이파스,2023,사업장,기계,21289.0,439.0,(주)한국경영인증원,
125,산업통상자원부,(주)선일다이파스,2023,사업장,기계,21289.0,439.0,(주)한국경영인증원,
126,환경부,(주)선진운수,2023,사업장,육상 여객 운송업,27507.0,515.0,(재)한국품질재단,
127,산업통상자원부,(주)성신미네필드,2023,사업장,시멘트,19021.0,374.0,한국표준협회,
128,산업통상자원부,(주)성신미네필드,2023,사업장,시멘트,19021.0,374.0,한국표준협회,
129,산업통상자원부,(주)성호금속,2023,사업장,철강,19150.0,344.0,(주)한국경영인증원,
130,산업통상자원부,(주)성호금속,2023,사업장,철강,19150.0,344.0,(주)한국경영인증원,
131,환경부,(주)성호금속 경주2공장,2023,사업장,금속 주조업,28909.0,519.0,(주)한국경영인증원,
132,산업통상자원부,(주)성호기업,2023,사업장,철강,14213.0,278.0,(주)한국경영인증원,
133,산업통상자원부,(주)성호기업,2023,사업장,철강,14213.0,278.0,(주)한국경영인증원,
134,환경부,(주)세아씨엠,2023,사업장,1차 철강 제조업,71815.0,1430.0,한국표준협회,
135,국토교통부,(주)세아엘앤에스,2023,사업장,교통(화물),15835.0,232.0,한국표준협회,
136,국토교통부,(주)세아엘앤에스,2023,사업장,교통(화물),15835.0,232.0,한국표준협회,
137,환경부,(주)세아제강,2023,사업장,1차 철강 제조업,70201.0,1434.0,한국표준협회,
138,환경부,(주)세아특수강,2023,사업장,1차 철강 제조업,51138.0,1032.0,한국표준협회,
139,농림축산식품부,(주)세우,2023,사업장,식료품 제조업,17269.0,350.0,(재)한국품질재단,
140,농림축산식품부,(주)세우,2023,사업장,식료품 제조업,17269.0,350.0,(재)한국품질재단,
141,환경부,(주)세주,2023,사업장,해상 운송업,26609.0,365.0,㈜디엔브이비즈니스어슈어런스코리아,
142,산업통상자원부,(주)셀트리온제약,2023,사업장,석유화학,15706.0,321.0,한국표준협회,
143,산업통상자원부,(주)셀트리온제약,2023,사업장,석유화학,15706.0,321.0,한국표준협회,
144,국토교통부,(주)시흥교통,2023,사업장,교통(여객),20710.0,376.0,한국표준협회,
145,국토교통부,(주)시흥교통,2023,사업장,교통(여객),20710.0,376.0,한국표준협회,
146,환경부,(주)신동,2023,사업장,"시멘트, 석회, 플라스터 및 그 외 제품 제조업",80232.0,277.0,한국표준협회,
147,환경부,(주)신세계,2023,업체,종합 소매업,124752.0,2602.0,(주)한국경영인증원,
148,환경부,(주)신승에너지,2023,사업장,폐기물 처리업,68279.0,339.0,(재)한국품질재단,
149,산업통상자원부,(주)신안주철,2023,사업장,철강,16681.0,313.0,한국표준협회,
150,산업통상자원부,(주)신안주철,2023,사업장,철강,16681.0,313.0,한국표준협회,
151,농림축산식품부,(주)신영포르투,2023,사업장,목재,31489.0,1156.0,(재)한국품질재단,
152,농림축산식품부,(주)신영포르투,2023,사업장,목재,31489.0,1156.0,(재)한국품질재단,
153,산업통상자원부,(주)신우금속,2023,사업장,철강,18661.0,322.0,(재)한국품질재단,
154,산업통상자원부,(주)신우금속,2023,사업장,철강,18661.0,322.0,(재)한국품질재단,
155,산업통상자원부,(주)신한중공업,2023,사업장,조선,14047.0,223.0,㈜한국품질보증원,
156,산업통상자원부,(주)신한중공업,2023,사업장,조선,14047.0,223.0,㈜한국품질보증원,
157,환경부,(주)쌍용씨앤비,2023,사업장,"펄프, 종이 및 판지 제조업",66286.0,1266.0,(주)한국경영인증원,
158,환경부,(주)씨텍,2023,업체,"증기, 냉ㆍ온수 및 공기 조절 공급업",785099.0,11160.0,(주)비에스아이그룹코리아,
159,산업통상자원부,(주)아바텍,2023,사업장,유리,17146.0,356.0,한국표준협회,
160,산업통상자원부,(주)아바텍,2023,사업장,유리,17146.0,356.0,한국표준협회,
161,환경부,(주)아진피앤피,2023,사업장,"펄프, 종이 및 판지 제조업",145239.0,3439.0,지속가능인증원주식회사,
162,환경부,(주)애니테크,2023,사업장,폐기물 처리업,34127.0,283.0,대일이엔씨기술(주),
163,환경부,(주)애니테크,2023,사업장,폐기물 처리업,34127.0,283.0,대일이엔씨기술(주),
164,산업통상자원부,(주)에스이그린에너지,2023,사업장,발전에너지,54777.0,0.0,한국표준협회,
165,산업통상자원부,(주)에스이그린에너지,2023,업체,발전에너지,54777.0,0.0,한국표준협회,
166,산업통상자원부,(주)에스제이금속,2023,사업장,철강,20427.0,357.0,(재)한국품질재단,
167,산업통상자원부,(주)에스제이금속,2023,사업장,철강,20427.0,357.0,(재)한국품질재단,
168,환경부,(주)에스파워,2023,업체,전기업,1721008.0,34079.0,(재)한국품질재단,
169,환경부,(주)에스피환경,2023,사업장,폐기물 처리업,71851.0,517.0,㈜한국품질보증원,
170,환경부,(주)에스피환경,2023,사업장,폐기물 처리업,71851.0,517.0,㈜한국품질보증원,
171,해양수산부,(주)에이치해운,2023,사업장,교통(해운),17910.0,245.0,한국표준협회,
172,해양수산부,(주)에이치해운,2023,사업장,교통(해운),17910.0,245.0,한국표준협회,
173,환경부,(주)에이티에너지,2023,사업장,폐기물,24660.0,20.0,대일이엔씨기술(주),
174,환경부,(주)에이티에너지,2023,사업장,폐기물,24660.0,20.0,대일이엔씨기술(주),
175,환경부,(주)에코비트그린,2023,업체,폐기물,59465.0,18.0,한국표준협회,
176,환경부,(주)에코비트그린,2023,업체,폐기물,59465.0,18.0,한국표준협회,
177,환경부,(주)에코비트에너지세종,2023,사업장,폐기물 처리업,61044.0,432.0,한국표준협회,
178,환경부,(주)에코비트에너지청원,2023,업체,폐기물 처리업,36333.0,2.0,한국표준협회,
179,환경부,(주)에코비트에너지청원,2023,업체,폐기물 처리업,36333.0,2.0,한국표준협회,
180,산업통상자원부,(주)에코프로머티리얼즈,2023,사업장,전기전자,67914.0,1383.0,(주)한국경영인증원,
181,산업통상자원부,(주)에코프로머티리얼즈,2023,사업장,전기전자,67914.0,1383.0,(주)한국경영인증원,
182,환경부,(주)에코프로비엠,2023,사업장,일차전지 및 축전지 제조업,125140.0,2611.0,(주)한국경영인증원,
183,환경부,(주)엔아이티,2023,업체,폐기물 처리업,149662.0,373.0,㈜한국품질보증원,
184,환경부,(주)엔이티,2023,사업장,"증기, 냉ㆍ온수 및 공기 조절 공급업",45237.0,519.0,한국표준협회,
185,환경부,(주)엘엑스글라스,2023,업체,유리 및 유리제품 제조업,298318.0,3731.0,(주)한국경영인증원,
186,환경부,(주)엘엑스판토스,2023,사업장,도로 화물 운송업,44918.0,531.0,㈜디엔브이비즈니스어슈어런스코리아,
187,산업통상자원부,(주)엘지생활건강,2023,사업장,석유화학,49545.0,1084.0,(재)한국품질재단,
188,산업통상자원부,(주)엘지생활건강,2023,사업장,석유화학,49545.0,1084.0,(재)한국품질재단,
189,환경부,(주)엘지씨엔에스,2023,업체,"컴퓨터 프로그래밍, 시스템 통합 및 관리업",130691.0,2779.0,대일이엔씨기술(주),
190,환경부,(주)영신물산,2023,사업장,"섬유제품 염색, 정리 및 마무리 가공업",28385.0,215.0,한국표준협회,
191,환경부,(주)오뚜기,2023,사업장,기타 식품 제조업,89711.0,1812.0,한국표준협회,
192,환경부,(주)오리온,2023,사업장,기타 식품 제조업,71408.0,1424.0,로이드인증원㈜,
193,환경부,(주)오미아코리아,2023,사업장,기초 화학물질 제조업,48969.0,997.0,㈜디엔브이비즈니스어슈어런스코리아,
194,산업통상자원부,(주)오영,2023,사업장,석유화학,12124.0,265.0,(재)한국품질재단,
195,산업통상자원부,(주)오영,2023,사업장,석유화학,12124.0,265.0,(재)한국품질재단,
196,환경부,(주)온셀텍,2023,사업장,전자 부품 제조업,21074.0,439.0,한국표준협회,
197,농림축산식품부,(주)올품,2023,사업장,식료품 제조업,22974.0,467.0,한국표준협회,
198,농림축산식품부,(주)올품,2023,사업장,식료품 제조업,22974.0,467.0,한국표준협회,
199,환경부,(주)와이에스텍,2023,업체,폐기물 처리업,129260.0,30.0,(재)한국품질재단,
200,환경부,(주)와이엔텍,2023,업체,폐기물 처리업,162220.0,95.0,(재)한국품질재단,
201,환경부,(주)와이엔텍,2023,업체,폐기물 처리업,162220.0,95.0,(재)한국품질재단,
202,산업통상자원부,(주)와이엠,2023,사업장,기계,17315.0,356.0,(재)한국품질재단,
203,산업통상자원부,(주)와이엠,2023,사업장,기계,17315.0,356.0,(재)한국품질재단,
204,환경부,(주)우룡,2023,업체,"시멘트, 석회, 플라스터 및 그 외 제품 제조업",161345.0,709.0,(재)한국화학융합시험연구원,
205,산업통상자원부,(주)우신금속,2023,사업장,비철금속,21175.0,332.0,(재)한국품질재단,
206,산업통상자원부,(주)우신금속,2023,사업장,비철금속,21175.0,332.0,(재)한국품질재단,
207,산업통상자원부,(주)우익반도체,2023,사업장,전기전자,28931.0,600.0,한국표준협회,
208,산업통상자원부,(주)우익반도체,2023,사업장,전기전자,28931.0,600.0,한국표준협회,
209,산업통상자원부,(주)원익아이피에스,2023,사업장,기계,28756.0,560.0,한국표준협회,
210,산업통상자원부,(주)원익아이피에스,2023,사업장,기계,28756.0,560.0,한국표준협회,
211,환경부,(주)유니온,2023,업체,"시멘트, 석회, 플라스터 및 그 외 제품 제조업",144922.0,1195.0,한국표준협회,
212,환경부,(주)유성티엔에스,2023,사업장,도로 화물 운송업,27400.0,399.0,(주)한국경영인증원,
213,환경부,(주)유진로지스틱스,2023,사업장,도로 화물 운송업,24485.0,356.0,(재)한국품질재단,
214,산업통상자원부,(주)유한양행,2023,사업장,석유화학,17136.0,351.0,(재)한국품질재단,
215,산업통상자원부,(주)유한양행,2023,사업장,석유화학,17136.0,351.0,(재)한국품질재단,
216,산업통상자원부,(주)유한화학,2023,사업장,석유화학,19933.0,363.0,(주)한국경영인증원,
217,산업통상자원부,(주)유한화학,2023,사업장,석유화학,19933.0,363.0,(주)한국경영인증원,
218,환경부,(주)이녹스첨단소재,2023,사업장,전자 부품 제조업,28019.0,513.0,㈜디엔브이비즈니스어슈어런스코리아,
219,환경부,(주)이녹스첨단소재,2023,사업장,전자 부품 제조업,28019.0,513.0,㈜디엔브이비즈니스어슈어런스코리아,
220,환경부,(주)이마트,2023,업체,종합 소매업,490603.0,10198.0,한국표준협회,
221,환경부,(주)이수페타시스,2023,사업장,전자 부품 제조업,59064.0,833.0,(주)한국경영인증원,
222,환경부,(주)이수화학,2023,업체,기초 화학물질 제조업,256187.0,4617.0,한국표준협회,
223,환경부,(주)이스타항공,2023,업체,항공 여객 운송업,81453.0,1165.0,(재)한국화학융합시험연구원,
224,환경부,(주)이알지서비스,2023,사업장,폐기물 처리업,73405.0,135.0,(재)한국화학융합시험연구원,
225,환경부,(주)이에스티,2023,업체,폐기물 처리업,75745.0,9.0,(재)한국품질재단,
226,환경부,(주)이에스티,2023,업체,폐기물 처리업,75745.0,9.0,(재)한국품질재단,
227,산업통상자원부,(주)인지디스플레이,2023,사업장,자동차,20117.0,415.0,(주)한국경영인증원,
228,산업통상자원부,(주)인지디스플레이,2023,사업장,자동차,20117.0,415.0,(주)한국경영인증원,
229,환경부,(주)인터플렉스,2023,사업장,전자 부품 제조업,34848.0,728.0,로이드인증원㈜,
230,환경부,(주)일진글로벌,2023,사업장,자동차 신품 부품 제조업,120356.0,2508.0,(주)한국경영인증원,
231,환경부,(주)전북고속,2023,사업장,육상 여객 운송업,17272.0,245.0,(주)한국경영인증원,
232,농림축산식품부,(주)정·식품,2023,사업장,음료제조업,17665.0,355.0,한국표준협회,
233,농림축산식품부,(주)정·식품,2023,사업장,음료제조업,17665.0,355.0,한국표준협회,
234,국토교통부,(주)제때,2023,사업장,교통(화물),23437.0,408.0,한국표준협회,
235,국토교통부,(주)제때,2023,사업장,교통(화물),23437.0,408.0,한국표준협회,
236,환경부,(주)제양항공해운,2023,사업장,해상 운송업,691.0,10.0,로이드인증원㈜,
237,환경부,(주)제이엠씨,2023,사업장,기초 화학물질 제조업,38665.0,845.0,(주)한국경영인증원,
238,산업통상자원부,(주)젤텍,2023,사업장,석유화학,13743.0,473.0,한국표준협회,
239,산업통상자원부,(주)젤텍,2023,사업장,석유화학,13743.0,473.0,한국표준협회,
240,농림축산식품부,(주)조흥,2023,사업장,식료품 제조업,15208.0,321.0,한국표준협회,
241,농림축산식품부,(주)조흥,2023,사업장,식료품 제조업,15208.0,321.0,한국표준협회,
242,산업통상자원부,(주)종근당,2023,사업장,석유화학,18547.0,513.0,(재)한국품질재단,
243,산업통상자원부,(주)종근당,2023,사업장,석유화학,18547.0,513.0,(재)한국품질재단,
244,환경부,(주)종근당바이오,2023,사업장,기초 의약 물질 및 생물학적 제제 제조업,90700.0,1900.0,(주)한국경영인증원,
245,환경부,(주)중앙고속,2023,사업장,육상 여객 운송업,48119.0,690.0,(주)한국경영인증원,
246,환경부,(주)중일,2023,사업장,1차 비철금속 제조업,28262.0,291.0,한국표준협회,
247,환경부,(주)지에스동해전력,2023,업체,전기업,4865481.0,55380.0,대일이엔씨기술(주),
248,환경부,(주)진합,2023,사업장,자동차 신품 부품 제조업,27166.0,559.0,한국표준협회,
249,산업통상자원부,(주)진흥주물,2023,사업장,철강,33398.0,588.0,한국표준협회,
250,산업통상자원부,(주)진흥주물,2023,사업장,철강,33398.0,588.0,한국표준협회,
251,환경부,(주)참프레,2023,사업장,"도축, 육류 가공 및 저장 처리업",41488.0,834.0,한국표준협회,
252,환경부,(주)창원에너텍,2023,사업장,폐기물 처리업,83856.0,1129.0,(재)한국품질재단,
253,환경부,(주)천일고속,2023,사업장,육상 여객 운송업,21416.0,306.0,(주)한국경영인증원,
254,환경부,(주)청송산업개발,2023,사업장,폐기물,80923.0,519.0,(재)한국품질재단,
255,환경부,(주)청송산업개발,2023,사업장,폐기물,80923.0,519.0,(재)한국품질재단,
256,농림축산식품부,(주)체리부로,2023,사업장,식료품 제조업,15291.0,311.0,(주)한국경영인증원,
257,농림축산식품부,(주)체리부로,2023,사업장,식료품 제조업,15291.0,311.0,(주)한국경영인증원,
258,환경부,(주)충남고속,2023,사업장,육상 여객 운송업,23596.0,337.0,(주)한국경영인증원,
259,환경부,(주)충무화학,2023,업체,"시멘트, 석회, 플라스터 및 그 외 제품 제조업",152175.0,632.0,(주)한국경영인증원,
260,농림축산식품부,(주)카길애그리퓨리나,2023,사업장,식료품 제조업,21670.0,442.0,(재)한국품질재단,
261,농림축산식품부,(주)카길애그리퓨리나,2023,사업장,식료품 제조업,21670.0,442.0,(재)한국품질재단,
262,산업통상자원부,(주)카펙발레오,2023,사업장,자동차,22411.0,451.0,한국표준협회,
263,산업통상자원부,(주)카펙발레오,2023,사업장,자동차,22411.0,451.0,한국표준협회,
264,산업통상자원부,(주)캐스텍코리아,2023,사업장,철강,17515.0,309.0,한국표준협회,
265,산업통상자원부,(주)캐스텍코리아,2023,사업장,철강,17515.0,309.0,한국표준협회,
266,환경부,(주)케이비아이국인산업,2023,업체,폐기물 처리업,239582.0,152.0,(재)한국품질재단,
267,환경부,(주)케이비아이국인산업,2023,업체,폐기물 처리업,239582.0,152.0,(재)한국품질재단,
268,환경부,(주)케이비아이텍,2023,업체,폐기물,140354.0,160.0,(재)한국품질재단,
269,환경부,(주)케이비아이텍,2023,업체,폐기물,140354.0,160.0,(재)한국품질재단,
270,산업통상자원부,(주)케이에프엔티,2023,사업장,석유화학,20638.0,393.0,한국표준협회,
271,산업통상자원부,(주)케이에프엔티,2023,사업장,석유화학,20638.0,393.0,한국표준협회,
272,산업통상자원부,(주)케이원전자,2023,사업장,전기전자,17318.0,361.0,한국표준협회,
273,산업통상자원부,(주)케이원전자,2023,사업장,전기전자,17318.0,361.0,한국표준협회,
274,환경부,(주)케이이씨,2023,사업장,반도체 제조업,30531.0,582.0,㈜디엔브이비즈니스어슈어런스코리아,
275,환경부,(주)케이조선,2023,사업장,선박 및 보트 건조업,65223.0,1188.0,(재)한국품질재단,
276,환경부,(주)케이티앤지,2023,사업장,담배 제조업,108517.0,2206.0,(재)한국품질재단,
277,산업통상자원부,(주)케이피텍,2023,사업장,석유화학,13392.0,279.0,㈜디엔브이비즈니스어슈어런스코리아,
278,산업통상자원부,(주)케이피텍,2023,사업장,석유화학,13392.0,279.0,㈜디엔브이비즈니스어슈어런스코리아,
279,산업통상자원부,(주)코넥,2023,사업장,자동차,34156.0,677.0,(주)한국경영인증원,
280,산업통상자원부,(주)코넥,2023,사업장,자동차,34156.0,677.0,(주)한국경영인증원,
281,환경부,(주)코다코,2023,사업장,자동차 신품 부품 제조업,42303.0,865.0,(재)한국품질재단,
282,환경부,(주)코리아써키트,2023,사업장,전자 부품 제조업,121769.0,2433.0,(주)비에스아이그룹코리아,
283,국토교통부,(주)코리아와이드포항,2023,사업장,교통(여객),20460.0,391.0,(주)한국경영인증원,
284,국토교통부,(주)코리아와이드포항,2023,사업장,교통(여객),20460.0,391.0,(주)한국경영인증원,
285,환경부,(주)코스틸,2023,사업장,1차 철강 제조업,14608.0,292.0,(주)한국경영인증원,
286,환경부,(주)태상,2023,사업장,기타 금속 가공제품 제조업,65418.0,1276.0,(주)한국경영인증원,
287,산업통상자원부,(주)태우,2023,사업장,비철금속,18622.0,363.0,한국가스안전공사,
288,산업통상자원부,(주)태우,2023,사업장,비철금속,18622.0,363.0,한국가스안전공사,
289,환경부,(주)태웅,2023,업체,1차 철강 제조업,164976.0,3003.0,(재)한국품질재단,
290,환경부,(주)태평양금속,2023,사업장,"내화, 비내화 요업제품 제조업",33866.0,689.0,(주)한국경영인증원,
291,환경부,(주)티씨씨스틸,2023,사업장,1차 철강 제조업,34342.0,709.0,(주)한국경영인증원,
292,환경부,(주)티씨케이,2023,사업장,기타 비금속 광물제품 제조업,32586.0,672.0,(재)한국품질재단,
293,산업통상자원부,(주)티엘비,2023,사업장,전기전자,22025.0,443.0,(주)한국경영인증원,
294,산업통상자원부,(주)티엘비,2023,사업장,전기전자,22025.0,443.0,(주)한국경영인증원,
295,농림축산식품부,(주)파리크라상,2023,사업장,식료품 제조업,20656.0,426.0,한국표준협회,
296,농림축산식품부,(주)파리크라상,2023,사업장,식료품 제조업,20656.0,426.0,한국표준협회,
297,국토교통부,(주)평안운수,2023,사업장,교통(여객),13950.0,246.0,(주)한국경영인증원,
298,국토교통부,(주)평안운수,2023,사업장,교통(여객),13950.0,246.0,(주)한국경영인증원,
299,환경부,(주)포레스코,2023,사업장,나무제품 제조업,31860.0,760.0,한국표준협회,
300,산업통상자원부,(주)풍년그린텍,2023,사업장,제지,18788.0,383.0,(주)신화엔지니어링종합건축사사무소,
301,산업통상자원부,(주)풍년그린텍,2023,사업장,제지,18788.0,383.0,(주)신화엔지니어링종합건축사사무소,
302,산업통상자원부,(주)풍농,2023,사업장,석유화학,17282.0,321.0,(주)한국경영인증원,
303,산업통상자원부,(주)풍농,2023,사업장,석유화학,17282.0,321.0,(주)한국경영인증원,
304,환경부,(주)풍정주공,2023,사업장,금속 주조업,31091.0,573.0,로이드인증원㈜,
305,산업통상자원부,(주)퓨렉스,2023,사업장,반도체,15948.0,329.0,(재)한국품질재단,
306,산업통상자원부,(주)퓨렉스,2023,사업장,반도체,15948.0,329.0,(재)한국품질재단,
307,산업통상자원부,(주)피엔디티,2023,사업장,자동차,20128.0,393.0,지속가능인증원주식회사,
308,산업통상자원부,(주)피엔디티,2023,사업장,자동차,20128.0,393.0,지속가능인증원주식회사,
309,산업통상자원부,(주)피제이메탈,2023,사업장,비철금속,19909.0,353.0,(재)한국품질재단,
310,산업통상자원부,(주)피제이메탈,2023,사업장,비철금속,19909.0,353.0,(재)한국품질재단,
311,환경부,(주)필맥스,2023,사업장,플라스틱 제품 제조업,20976.0,427.0,㈜한국품질보증원,
312,환경부,(주)하림,2023,사업장,"도축, 육류 가공 및 저장 처리업",100371.0,2463.0,(재)한국품질재단,
313,농림축산식품부,(주)한국인삼공사 고려인삼창,2023,사업장,식료품 제조업,33074.0,672.0,(주)한국경영인증원,
314,농림축산식품부,(주)한국인삼공사 고려인삼창,2023,사업장,식료품 제조업,33074.0,672.0,(주)한국경영인증원,
315,환경부,(주)한국특강,2023,업체,1차 철강 제조업,352508.0,6306.0,(주)한국경영인증원,
316,산업통상자원부,(주)한금,2023,사업장,철강,17401.0,372.0,한국표준협회,
317,산업통상자원부,(주)한금,2023,사업장,철강,17401.0,372.0,한국표준협회,
318,환경부,(주)한솔케미칼,2023,사업장,기초 화학물질 제조업,121374.0,2879.0,대일이엔씨기술(주),
319,환경부,(주)한솔홈데코,2023,사업장,나무제품 제조업,55705.0,2011.0,(주)한국경영인증원,
320,산업통상자원부,(주)한양에스앤씨,2023,사업장,자동차,18401.0,328.0,(주)한국경영인증원,
321,산업통상자원부,(주)한양에스앤씨,2023,사업장,자동차,18401.0,328.0,(주)한국경영인증원,
322,환경부,(주)한익스프레스,2023,사업장,도로 화물 운송업,25195.0,417.0,한국표준협회,
323,환경부,(주)한일고속,2023,사업장,육상 여객 운송업,88624.0,1216.0,(주)한국경영인증원,
324,환경부,(주)한주,2023,업체,"증기, 냉ㆍ온수 및 공기 조절 공급업",981032.0,11774.0,㈜디엔브이비즈니스어슈어런스코리아,
325,환경부,(주)한진,2023,업체,도로 화물 운송업,104499.0,1651.0,한국표준협회,
326,환경부,(주)한창제지,2023,업체,"펄프, 종이 및 판지 제조업",192244.0,2397.0,한국표준협회,
327,환경부,(주)한화,2023,업체,기타 화학제품 제조업,60576.0,1177.0,㈜디엔브이비즈니스어슈어런스코리아,
328,환경부,(주)현대백화점,2023,업체,종합 소매업,165600.0,3460.0,한국표준협회,
329,환경부,(주)현대엘앤씨,2023,사업장,플라스틱 제품 제조업,38157.0,772.0,로이드인증원㈜,
330,환경부,(주)현대케피코,2023,사업장,자동차 신품 부품 제조업,24838.0,514.0,로이드인증원㈜,
331,국토교통부,(주)화성여객,2023,사업장,교통(여객),23099.0,367.0,(주)한국경영인증원,
332,국토교통부,(주)화성여객,2023,사업장,교통(여객),23099.0,367.0,(주)한국경영인증원,
333,산업통상자원부,(주)화승알앤에이,2023,사업장,석유화학,20559.0,422.0,한국표준협회,
334,산업통상자원부,(주)화승알앤에이,2023,사업장,석유화학,20559.0,422.0,한국표준협회,
335,환경부,(주)화승케미칼,2023,사업장,플라스틱 제품 제조업,24960.0,511.0,(주)한국경영인증원,
336,산업통상자원부,(주)화인베스틸,2023,사업장,철강,20309.0,371.0,(주)한국경영인증원,
337,산업통상자원부,(주)화인베스틸,2023,사업장,철강,20309.0,371.0,(주)한국경영인증원,
338,산업통상자원부,(주)화진철강,2023,사업장,철강,13995.0,221.0,한국표준협회,
339,산업통상자원부,(주)화진철강,2023,사업장,철강,13995.0,221.0,한국표준협회,
340,환경부,(합)경남여객,2023,사업장,육상 여객 운송업,43814.0,719.0,한국표준협회,
341,환경부,CJ대한통운(주),2023,업체,도로 화물 운송업,227513.0,4037.0,(주)한국경영인증원,
342,환경부,CJ제일제당(주),2023,업체,"곡물 가공품, 전분 및 전분제품 제조업",411439.0,9539.0,(재)한국화학융합시험연구원,
343,국토교통부,GS건설(주),2023,업체,건설,107707.0,2048.0,로이드인증원㈜,
344,국토교통부,GS건설(주),2023,업체,건설,107707.0,2048.0,로이드인증원㈜,
345,환경부,GS파워,2023,업체,"증기, 냉ㆍ온수 및 공기 조절 공급업",2553387.0,49794.0,한국표준협회,
346,환경부,JW 생명과학(주),2023,사업장,의약품 제조업,26819.0,547.0,한국표준협회,
347,산업통상자원부,KPX케미칼(주),2023,사업장,석유화학,24416.0,785.0,(주)한국경영인증원,
348,산업통상자원부,KPX케미칼(주),2023,사업장,석유화학,24416.0,785.0,(주)한국경영인증원,
349,환경부,LB세미콘(주),2023,사업장,반도체 제조업,47657.0,990.0,한국표준협회,
350,환경부,LX엠엠에이,2023,업체,기초 화학물질 제조업,321628.0,2886.0,(주)한국경영인증원,
351,환경부,NC양산(주),2023,사업장,폐기물,29744.0,23.0,한국표준협회,
352,환경부,NC양산(주),2023,사업장,폐기물,29744.0,23.0,한국표준협회,
353,환경부,NC울산(주),2023,업체,폐기물 처리업,78467.0,41.0,한국표준협회,
354,환경부,NC울산(주),2023,업체,폐기물 처리업,78467.0,41.0,한국표준협회,
355,환경부,OCI SE 주식회사,2023,업체,"증기, 냉ㆍ온수 및 공기 조절 공급업",1354324.0,24159.0,㈜디엔브이비즈니스어슈어런스코리아,
356,환경부,S-Oil(주),2023,업체,석유 정제품 제조업,9541368.0,125063.0,한국표준협회,
357,환경부,SKbroadband(주),2023,업체,전기 통신업,423632.0,8810.0,㈜디엔브이비즈니스어슈어런스코리아,
358,환경부,SK이노베이션(주),2023,업체,일차전지 및 축전지 제조업,21634.0,443.0,한국표준협회,
359,환경부,SK인천석유화학(주),2023,업체,석유 정제품 제조업,1512760.0,43756.0,한국표준협회,
360,환경부,SY에너지(주),2023,사업장,나무제품 제조업,32110.0,1016.0,(재)한국품질재단,
361,산업통상자원부,Y&T파워텍(주),2023,사업장,자동차,15983.0,332.0,(주)비에스아이그룹코리아,
362,산업통상자원부,Y&T파워텍(주),2023,사업장,자동차,15983.0,332.0,(주)비에스아이그룹코리아,
363,환경부,㈜토탈,2023,사업장,폐기물 처리업,65878.0,46.0,(재)한국품질재단,
364,산업통상자원부,가온전선주식회사,2023,사업장,전기전자,9413.0,193.0,(주)비에스아이그룹코리아,
365,산업통상자원부,가온전선주식회사,2023,사업장,전기전자,9413.0,193.0,(주)비에스아이그룹코리아,
366,국토교통부,강남금융센터(주),2023,사업장,건물,15950.0,330.0,한국표준협회,
367,국토교통부,강남금융센터(주),2023,사업장,건물,15950.0,330.0,한국표준협회,
368,산업통상자원부,강남화성(주),2023,사업장,석유화학,19171.0,315.0,한국표준협회,
369,산업통상자원부,강남화성(주),2023,사업장,석유화학,19171.0,315.0,한국표준협회,
370,환경부,강릉시,2023,사업장,폐기물 처리업,79488.0,423.0,(주)비에스아이그룹코리아,
371,국토교통부,강변테크노마트 주식회사,2023,사업장,건물,13178.0,274.0,대일이엔씨기술(주),
372,국토교통부,강변테크노마트 주식회사,2023,사업장,건물,13178.0,274.0,대일이엔씨기술(주),
373,환경부,강원고속,2023,사업장,육상 여객 운송업,16485.0,235.0,한국표준협회,
374,국토교통부,강원대학교,2023,사업장,건물,18769.0,387.0,한국표준협회,
375,국토교통부,강원대학교,2023,사업장,건물,18769.0,387.0,한국표준협회,
376,국토교통부,강원여객자동차,2023,사업장,교통(여객),17512.0,255.0,한국표준협회,
377,국토교통부,강원여객자동차,2023,사업장,교통(여객),17512.0,255.0,한국표준협회,
378,환경부,거제시,2023,사업장,폐기물 처리업,58176.0,479.0,(재)한국품질재단,
379,산업통상자원부,경기그린에너지(주),2023,업체,발전에너지,147684.0,0.0,한국표준협회,
380,산업통상자원부,경기그린에너지(주),2023,업체,발전에너지,147684.0,0.0,한국표준협회,
381,환경부,경기도 광주시,2023,업체,수도사업,57819.0,975.0,㈜한국품질보증원,
382,환경부,경기도 광주시,2023,업체,수도사업,57819.0,975.0,㈜한국품질보증원,
383,환경부,경기환경에너지(주),2023,업체,폐기물 처리업,70600.0,323.0,(재)한국품질재단,
384,환경부,경북대학교,2023,사업장,고등 교육기관,37962.0,855.0,㈜한국품질보증원,
385,국토교통부,경북대학교병원,2023,사업장,건물,21112.0,434.0,한국표준협회,
386,국토교통부,경북대학교병원,2023,사업장,건물,21112.0,434.0,한국표준협회,
387,환경부,경북환경에너지(주),2023,업체,폐기물 처리업,82066.0,184.0,(재)한국품질재단,
388,환경부,경산시,2023,사업장,폐기물 처리업,70768.0,379.0,㈜한국품질보증원,
389,환경부,경산제지 주식회사,2023,사업장,"펄프, 종이 및 판지 제조업",108161.0,892.0,한국표준협회,
390,국토교통부,경상국립대학교,2023,사업장,건물,19537.0,405.0,한국표준협회,
391,국토교통부,경상국립대학교,2023,사업장,건물,19537.0,405.0,한국표준협회,
392,환경부,경상북도,2023,사업장,폐기물 처리업,48529.0,388.0,㈜한국품질보증원,
393,환경부,경원여객자동차(주),2023,사업장,육상 여객 운송업,29323.0,540.0,한국표준협회,소재지 : 경기도 안산
394,환경부,경원여객자동차(주),2023,사업장,육상 여객 운송업,15360.0,218.0,(주)한국경영인증원,소재지 : 경상남도 진주
395,환경부,경인환경에너지 주식회사,2023,사업장,폐기물 처리업,78186.0,16.0,(주)한국경영인증원,
396,국토교통부,경전여객자동차(주),2023,사업장,교통(여객),8383.0,119.0,한국표준협회,
397,국토교통부,경전여객자동차(주),2023,사업장,교통(여객),8383.0,119.0,한국표준협회,
398,환경부,경주시,2023,사업장,폐기물 처리업,89390.0,633.0,㈜한국품질보증원,
399,환경부,경진여객운수(주),2023,사업장,육상 여객 운송업,20428.0,349.0,(주)한국경영인증원,
400,산업통상자원부,경창산업(주),2023,사업장,자동차,20150.0,420.0,한국생산성본부인증원(주),
401,산업통상자원부,경창산업(주),2023,사업장,자동차,20150.0,420.0,한국생산성본부인증원(주),
402,산업통상자원부,고덕그린에너지(주),2023,사업장,발전에너지,29521.0,19.0,한국표준협회,
403,산업통상자원부,고덕그린에너지(주),2023,사업장,발전에너지,29521.0,19.0,한국표준협회,
404,환경부,고려강선(주),2023,사업장,1차 철강 제조업,65237.0,1365.0,한국생산성본부인증원(주),
405,해양수산부,고려고속훼리(주),2023,사업장,교통(해운),29682.0,427.0,한국표준협회,
406,해양수산부,고려고속훼리(주),2023,사업장,교통(해운),29682.0,427.0,한국표준협회,
407,환경부,고려기초소재,2023,사업장,기타 비금속 광물제품 제조업,25064.0,436.0,로이드인증원㈜,
408,환경부,고려아연 주식회사,2023,업체,1차 비철금속 제조업,3297707.0,46574.0,(재)한국품질재단,
409,산업통상자원부,고려용접봉 주식회사,2023,사업장,기계,17335.0,357.0,㈜한국품질보증원,
410,산업통상자원부,고려용접봉 주식회사,2023,사업장,기계,17335.0,357.0,㈜한국품질보증원,
411,환경부,고려제강(주),2023,사업장,1차 철강 제조업,86141.0,1761.0,한국생산성본부인증원(주),
412,산업통상자원부,고려특수선재(주),2023,사업장,철강,21737.0,453.0,한국생산성본부인증원(주),
413,산업통상자원부,고려특수선재(주),2023,사업장,철강,21737.0,453.0,한국생산성본부인증원(주),
414,산업통상자원부,고성그린파워 주식회사,2023,업체,발전에너지,10340097.0,115173.0,로이드인증원㈜,
415,산업통상자원부,고성그린파워 주식회사,2023,업체,발전에너지,10340097.0,115173.0,로이드인증원㈜,
416,환경부,고양시,2023,업체,폐기물 처리업,162848.0,1185.0,㈜한국품질보증원,
417,환경부,공주시,2023,사업장,폐기물,16946.0,42.0,(재)한국품질재단,
418,환경부,공주시,2023,사업장,폐기물,16946.0,42.0,(재)한국품질재단,
419,환경부,공항철도(주),2023,사업장,육상 여객 운송업,57970.0,1208.0,대일이엔씨기술(주),
420,환경부,과천시,2023,사업장,폐기물,19106.0,100.0,(재)한국화학융합시험연구원,
421,환경부,과천시,2023,사업장,폐기물,19106.0,100.0,(재)한국화학융합시험연구원,
422,환경부,광명시,2023,사업장,폐기물 처리업,69857.0,327.0,㈜한국품질보증원,
423,환경부,광양시,2023,사업장,폐기물 처리업,35256.0,27.0,㈜한국품질보증원,
424,환경부,광양시,2023,사업장,폐기물 처리업,35256.0,27.0,㈜한국품질보증원,
425,국토교통부,광주과학기술원,2023,사업장,건물,24196.0,500.0,한국표준협회,
426,국토교통부,광주과학기술원,2023,사업장,건물,24196.0,500.0,한국표준협회,
427,환경부,광주광역시,2023,업체,폐기물 처리업,176200.0,1668.0,(재)한국품질재단,
428,국토교통부,광주광역시도시철도공사,2023,사업장,교통(철도),18466.0,385.0,한국표준협회,
429,국토교통부,광주광역시도시철도공사,2023,사업장,교통(철도),18466.0,385.0,한국표준협회,
430,환경부,광진산업(주),2023,사업장,"시멘트, 석회, 플라스터 및 그 외 제품 제조업",62963.0,172.0,한국생산성본부인증원(주),
431,환경부,괴산군,2023,사업장,폐기물,18461.0,117.0,대일이엔씨기술(주),
432,환경부,괴산군,2023,사업장,폐기물,18461.0,117.0,대일이엔씨기술(주),
433,환경부,구리시,2023,사업장,폐기물 처리업,56022.0,926.0,㈜한국품질보증원,
434,환경부,구미시,2023,업체,폐기물 처리업,130569.0,1147.0,㈜한국품질보증원,
435,환경부,국도화학(주),2023,사업장,합성고무 및 플라스틱 물질 제조업,55575.0,1963.0,로이드인증원㈜,
436,환경부,국립대학법인 서울대학교,2023,업체,고등 교육기관,146338.0,3014.0,(재)한국품질재단,
437,국토교통부,국립암센터,2023,사업장,건물,20580.0,435.0,(주)한국경영인증원,
438,국토교통부,국립암센터,2023,사업장,건물,20580.0,435.0,(주)한국경영인증원,
439,국토교통부,국방과학연구소,2023,사업장,건물,22746.0,469.0,(재)한국품질재단,
440,국토교통부,국방과학연구소,2023,사업장,건물,22746.0,469.0,(재)한국품질재단,
441,환경부,국일제지(주),2023,사업장,"펄프, 종이 및 판지 제조업",32845.0,808.0,(주)한국경영인증원,
442,국토교통부,국회사무처,2023,사업장,건물,22257.0,467.0,한국표준협회,
443,국토교통부,국회사무처,2023,사업장,건물,22257.0,467.0,한국표준협회,
444,환경부,군산시,2023,사업장,폐기물 처리업,99702.0,467.0,㈜한국품질보증원,
445,환경부,군포시,2023,사업장,폐기물 처리업,50966.0,398.0,㈜한국품질보증원,
446,산업통상자원부,그린에어 주식회사,2023,업체,석유화학,578205.0,11993.0,로이드인증원㈜,
447,산업통상자원부,그린에어 주식회사,2023,업체,석유화학,578205.0,11993.0,로이드인증원㈜,
448,환경부,그린케미칼 주식회사,2023,사업장,기초 화학물질 제조업,56357.0,1143.0,한국가스안전공사,
449,산업통상자원부,금강공업(주),2023,사업장,비철금속,13663.0,235.0,(주)한국경영인증원,
450,산업통상자원부,금강공업(주),2023,사업장,비철금속,13663.0,235.0,(주)한국경영인증원,
451,해양수산부,금진해운(주),2023,사업장,교통(해운),18247.0,252.0,㈜디엔브이비즈니스어슈어런스코리아,
452,해양수산부,금진해운(주),2023,사업장,교통(해운),18247.0,252.0,㈜디엔브이비즈니스어슈어런스코리아,
453,환경부,금호고속(주),2023,업체,육상 여객 운송업,6139.0,127.0,(주)한국경영인증원,
454,환경부,금호미쓰이화학 주식회사,2023,사업장,기초 화학물질 제조업,105205.0,1951.0,(재)한국품질재단,
455,환경부,금호석유화학 주식회사,2023,업체,합성고무 및 플라스틱 물질 제조업,3319747.0,40783.0,한국표준협회,
456,환경부,금호익스프레스 주식회사,2023,업체,육상 여객 운송업,97270.0,1397.0,(주)한국경영인증원,
457,환경부,금호타이어(주),2023,업체,고무제품 제조업,257548.0,5256.0,지속가능인증원주식회사,
458,환경부,금호폴리켐주식회사,2023,업체,합성고무 및 플라스틱 물질 제조업,292044.0,4904.0,(재)한국품질재단,
459,환경부,금호피앤비화학 주식회사,2023,업체,기초 화학물질 제조업,803393.0,10903.0,로이드인증원㈜,
460,환경부,기아(주),2023,업체,자동차용 엔진 및 자동차 제조업,699068.0,14280.0,로이드인증원㈜,
461,국토교통부,기초과학연구원,2023,사업장,건물,25326.0,527.0,한국표준협회,
462,국토교통부,기초과학연구원,2023,사업장,건물,25326.0,527.0,한국표준협회,
463,환경부,김천시,2023,사업장,"하수, 폐수 및 분뇨 처리업",42955.0,298.0,㈜한국품질보증원,
464,환경부,김천에너지서비스주식회사,2023,업체,"증기, 냉ㆍ온수 및 공기 조절 공급업",681825.0,7904.0,한국표준협회,
465,환경부,김포시,2023,사업장,폐기물 처리업,66980.0,573.0,한국표준협회,
466,환경부,김포운수(주),2023,사업장,육상 여객 운송업,16734.0,308.0,(주)한국경영인증원,
467,환경부,김해시,2023,사업장,폐기물 처리업,129001.0,1291.0,(재)한국품질재단,
468,환경부,깨끗한나라 주식회사,2023,업체,"펄프, 종이 및 판지 제조업",340694.0,4343.0,(재)한국품질재단,
469,환경부,나래에너지서비스 주식회사,2023,업체,"증기, 냉ㆍ온수 및 공기 조절 공급업",1546862.0,30787.0,대일이엔씨기술(주),
470,환경부,나투라페이퍼 주식회사,2023,업체,"펄프, 종이 및 판지 제조업",167768.0,1230.0,한국표준협회,
471,환경부,남강제지(주),2023,사업장,"펄프, 종이 및 판지 제조업",27040.0,230.0,(재)한국품질재단,
472,환경부,남양금속주식회사,2023,사업장,"구조용 금속제품, 탱크 및 증기발생기 제조업",96857.0,1797.0,(재)한국화학융합시험연구원,
473,환경부,남양유업(주),2023,사업장,낙농제품 및 식용 빙과류 제조업,80029.0,1879.0,로이드인증원㈜,
474,환경부,남양주시,2023,업체,폐기물,76672.0,1091.0,(재)한국품질재단,
475,환경부,남양주시,2023,업체,폐기물,76672.0,1091.0,(재)한국품질재단,
476,환경부,남해화학(주),2023,사업장,"비료, 농약 및 살균ㆍ살충제 제조업",75805.0,1240.0,대일이엔씨기술(주),
477,환경부,내포그린에너지(주),2023,사업장,"증기, 냉ㆍ온수 및 공기 조절 공급업",699331.0,13982.0,대일이엔씨기술(주),
478,환경부,내포그린에너지(주),2023,사업장,"증기, 냉ㆍ온수 및 공기 조절 공급업",699331.0,13982.0,대일이엔씨기술(주),
479,환경부,네이버 주식회사,2023,사업장,"자료 처리, 호스팅, 포털 및 기타 인터넷 정보 매개 서비스업",89530.0,1866.0,한국표준협회,
480,환경부,네이처이앤티(주),2023,업체,폐기물 처리업,204996.0,323.0,(주)비에스아이그룹코리아,
481,환경부,넥센타이어(주),2023,업체,고무제품 제조업,215924.0,4334.0,(주)한국경영인증원,
482,환경부,노벨리스코리아 주식회사,2023,업체,1차 비철금속 제조업,281811.0,5652.0,(주)한국경영인증원,
483,산업통상자원부,노을그린에너지 주식회사,2023,사업장,발전에너지,21018.0,4.0,(주)한국경영인증원,
484,산업통상자원부,노을그린에너지 주식회사,2023,업체,발전에너지,21018.0,4.0,(주)한국경영인증원,
485,환경부,녹십자,2023,사업장,의약품 제조업,64802.0,1593.0,(재)한국품질재단,
486,환경부,논산시,2023,사업장,폐기물,26266.0,94.0,㈜한국품질보증원,
487,환경부,논산시,2023,사업장,폐기물,26266.0,94.0,㈜한국품질보증원,
488,국토교통부,농협은행 주식회사,2023,업체,건물,94231.0,1421.0,한국표준협회,
489,국토교통부,농협은행 주식회사,2023,업체,건물,94231.0,1421.0,한국표준협회,
490,환경부,능원금속공업 주식회사,2023,사업장,1차 비철금속 제조업,22988.0,474.0,(주)한국경영인증원,
491,환경부,담우물산(주),2023,사업장,"시멘트, 석회, 플라스터 및 그 외 제품 제조업",60182.0,194.0,(주)한국경영인증원,
492,환경부,당진시 자원순환센터,2023,사업장,지정외 폐기물처리업 등,13541.0,93.0,한국표준협회,
493,환경부,당진시 자원순환센터,2023,사업장,지정외 폐기물처리업 등,13541.0,93.0,한국표준협회,
494,환경부,대구광역시,2023,업체,폐기물 처리업,471453.0,4941.0,㈜한국품질보증원,
495,환경부,대구교통공사,2023,사업장,육상 여객 운송업,98011.0,2045.0,(주)한국경영인증원,
496,환경부,대구그린파워(주),2023,업체,"증기, 냉ㆍ온수 및 공기 조절 공급업",633469.0,12594.0,(주)한국경영인증원,
497,환경부,대구염색산업단지관리공단,2023,업체,"증기, 냉ㆍ온수 및 공기 조절 공급업",610371.0,6947.0,(주)한국경영인증원,
498,환경부,대구텍 유한책임회사,2023,사업장,1차 비철금속 제조업,,,한국표준협회,비공개 결정
499,환경부,대덕전자 주식회사,2023,사업장,전자 부품 제조업,137216.0,2808.0,한국표준협회,
500,환경부,대동금속(주),2023,사업장,금속 주조업,39699.0,763.0,(주)한국경영인증원,
501,환경부,대동산업주식회사,2023,사업장,"내화, 비내화 요업제품 제조업",23757.0,383.0,(주)한국경영인증원,
502,환경부,대상 주식회사,2023,업체,"곡물 가공품, 전분 및 전분제품 제조업",432367.0,9437.0,한국표준협회,
503,환경부,대성엠디아이(주),2023,사업장,"시멘트, 석회, 플라스터 및 그 외 제품 제조업",164999.0,809.0,(주)한국경영인증원,
504,환경부,대성지엠텍(주),2023,업체,"시멘트, 석회, 플라스터 및 그 외 제품 제조업",130338.0,346.0,(주)한국경영인증원,
505,산업통상자원부,대신염직공업(주),2023,사업장,섬유,12234.0,202.0,(주)한국경영인증원,
506,산업통상자원부,대신염직공업(주),2023,사업장,섬유,12234.0,202.0,(주)한국경영인증원,
507,환경부,대신정기화물자동차(주),2023,사업장,도로 화물 운송업,46588.0,663.0,한국표준협회,
508,환경부,대양제지공업(주),2023,업체,"펄프, 종이 및 판지 제조업",66299.0,779.0,한국표준협회,
509,산업통상자원부,대용산업,2023,사업장,기계,18011.0,371.0,한국표준협회,
510,산업통상자원부,대용산업,2023,사업장,기계,18011.0,371.0,한국표준협회,
511,환경부,대원강업(주),2023,사업장,자동차 신품 부품 제조업,49563.0,1007.0,로이드인증원㈜,
512,산업통상자원부,대원화성(주),2023,사업장,석유화학,11416.0,204.0,한국표준협회,
513,산업통상자원부,대원화성(주),2023,사업장,석유화학,11416.0,204.0,한국표준협회,
514,환경부,대일개발 주식회사,2023,사업장,폐기물 처리업,54209.0,154.0,로이드인증원㈜,
515,환경부,대전광역시,2023,업체,폐기물 처리업,367886.0,3104.0,한국표준협회,
516,국토교통부,대전교통공사,2023,사업장,교통(철도),18492.0,378.0,(주)신화엔지니어링종합건축사사무소,
517,국토교통부,대전교통공사,2023,사업장,교통(철도),18492.0,378.0,(주)신화엔지니어링종합건축사사무소,
518,환경부,대전열병합발전주식회사,2023,업체,"증기, 냉ㆍ온수 및 공기 조절 공급업",155711.0,3108.0,한국표준협회,
519,농림축산식품부,대전충남양돈농협 포크빌축산물공판장,2023,사업장,식료품 제조업,16100.0,331.0,㈜한국품질보증원,
520,농림축산식품부,대전충남양돈농협 포크빌축산물공판장,2023,사업장,식료품 제조업,16100.0,331.0,㈜한국품질보증원,
521,산업통상자원부,대창단조(주),2023,사업장,기계,11116.0,230.0,(주)한국경영인증원,
522,산업통상자원부,대창단조(주),2023,사업장,기계,11116.0,230.0,(주)한국경영인증원,
523,환경부,대창운수(주),2023,사업장,육상 여객 운송업,22778.0,427.0,한국표준협회,
524,산업통상자원부,대한광통신 주식회사,2023,사업장,전기전자,18566.0,385.0,(주)한국경영인증원,
525,산업통상자원부,대한광통신 주식회사,2023,사업장,전기전자,18566.0,385.0,(주)한국경영인증원,
526,환경부,대한방직(주),2023,사업장,"섬유제품 염색, 정리 및 마무리 가공업",26539.0,418.0,한국표준협회,
527,농림축산식품부,대한사료(주),2023,사업장,식료품 제조업,12429.0,254.0,대일이엔씨기술(주),
528,농림축산식품부,대한사료(주),2023,사업장,식료품 제조업,12429.0,254.0,대일이엔씨기술(주),
529,환경부,대한석탄공사,2023,업체,석탄 광업,108520.0,678.0,한국생산성본부인증원(주),
530,산업통상자원부,대한소결금속(주),2023,사업장,자동차,19210.0,392.0,로이드인증원㈜,
531,산업통상자원부,대한소결금속(주),2023,사업장,자동차,19210.0,392.0,로이드인증원㈜,
532,환경부,대한슬래그 주식회사,2023,사업장,기타 비금속 광물제품 제조업,34046.0,617.0,한국표준협회,
533,환경부,대한시멘트주식회사,2023,사업장,"시멘트, 석회, 플라스터 및 그 외 제품 제조업",63504.0,1154.0,한국표준협회,
534,산업통상자원부,대한약품공업(주),2023,사업장,석유화학,25733.0,434.0,(주)한국경영인증원,
535,산업통상자원부,대한약품공업(주),2023,사업장,석유화학,25733.0,434.0,(주)한국경영인증원,
536,환경부,대한유화 주식회사,2023,업체,기초 화학물질 제조업,1663032.0,33790.0,한국가스안전공사,
537,환경부,대한전선 주식회사,2023,사업장,절연선 및 케이블 제조업,44892.0,906.0,(주)한국경영인증원,
538,환경부,대한제강(주),2023,업체,1차 철강 제조업,313245.0,5618.0,한국표준협회,
539,환경부,대한제당 주식회사,2023,사업장,기타 식품 제조업,64235.0,1282.0,㈜한국품질보증원,
540,농림축산식품부,대한제분(주),2023,사업장,식료품 제조업,20921.0,436.0,대일이엔씨기술(주),
541,농림축산식품부,대한제분(주),2023,사업장,식료품 제조업,20921.0,436.0,대일이엔씨기술(주),
542,환경부,대한제지주식회사,2023,업체,"펄프, 종이 및 판지 제조업",202055.0,2483.0,한국표준협회,
543,환경부,대한조선주식회사,2023,사업장,선박 및 보트 건조업,24100.0,392.0,(주)한국경영인증원,
544,환경부,대한조선주식회사,2023,사업장,선박 및 보트 건조업,24100.0,392.0,(주)한국경영인증원,
545,환경부,대한항공,2023,업체,항공 여객 운송업,416509.0,6355.0,㈜디엔브이비즈니스어슈어런스코리아,
546,환경부,대한화섬(주),2023,사업장,화학섬유 제조업,50616.0,1088.0,한국표준협회,
547,산업통상자원부,더블유스코프코리아(주),2023,사업장,석유화학,26317.0,1024.0,㈜한국품질보증원,
548,산업통상자원부,더블유스코프코리아(주),2023,사업장,석유화학,26317.0,1024.0,㈜한국품질보증원,
549,환경부,더블유씨피 주식회사,2023,사업장,플라스틱 제품 제조업,88429.0,1836.0,한국표준협회,
550,환경부,도레이배터리세퍼레이터필름 한국유한회사,2023,사업장,일차전지 및 축전지 제조업,116512.0,2376.0,(주)비에스아이그룹코리아,
551,환경부,도레이비에스에프코팅한국 유한회사,2023,사업장,일차전지 및 축전지 제조업,117265.0,536.0,㈜디엔브이비즈니스어슈어런스코리아,
552,환경부,도레이첨단소재 주식회사,2023,업체,합성고무 및 플라스틱 물질 제조업,626486.0,12578.0,(주)비에스아이그룹코리아,
553,환경부,도명특송(주),2023,사업장,도로 화물 운송업,19598.0,278.0,한국표준협회,
554,환경부,동국산업(주),2023,사업장,1차 철강 제조업,37613.0,763.0,한국표준협회,
555,환경부,동국씨엠 주식회사,2023,업체,1차 철강 제조업,284620.0,6151.0,(재)한국품질재단,
556,환경부,동국제강 주식회사,2023,업체,1차 철강 제조업,1490788.0,25541.0,(재)한국품질재단,
557,환경부,동국홀딩스 주식회사,2023,업체,부동산 임대 및 공급업,779.0,15.0,(재)한국품질재단,
558,환경부,동두천드림파워,2023,업체,전기업,2993126.0,59458.0,대일이엔씨기술(주),
559,환경부,동서석유화학 주식회사,2023,업체,기초 화학물질 제조업,363121.0,2088.0,로이드인증원㈜,
560,환경부,동서식품(주),2023,사업장,기타 식품 제조업,120429.0,2621.0,(재)한국품질재단,
561,산업통상자원부,동서페더럴모굴(주),2023,사업장,자동차,19527.0,396.0,(주)비에스아이그룹코리아,
562,산업통상자원부,동서페더럴모굴(주),2023,사업장,자동차,19527.0,396.0,(주)비에스아이그룹코리아,
563,국토교통부,동성교통(주),2023,사업장,교통(여객),14868.0,281.0,(주)한국경영인증원,
564,국토교통부,동성교통(주),2023,사업장,교통(여객),14868.0,281.0,(주)한국경영인증원,
565,국토교통부,동성화물자동차(주),2023,사업장,교통(화물),14890.0,211.0,(주)한국경영인증원,
566,국토교통부,동성화물자동차(주),2023,사업장,교통(화물),14890.0,211.0,(주)한국경영인증원,
567,산업통상자원부,동성화학공업(주),2023,사업장,석유화학,11435.0,233.0,한국표준협회,
568,산업통상자원부,동성화학공업(주),2023,사업장,석유화학,11435.0,233.0,한국표준협회,
569,국토교통부,동아운수(주),2023,사업장,교통(여객),16296.0,307.0,(주)한국경영인증원,
570,국토교통부,동아운수(주),2023,사업장,교통(여객),16296.0,307.0,(주)한국경영인증원,
571,산업통상자원부,동양산업(주),2023,사업장,자동차,14643.0,304.0,(주)한국경영인증원,
572,산업통상자원부,동양산업(주) 성산지점,2023,사업장,자동차,14643.0,304.0,(주)한국경영인증원,
573,환경부,동양피스톤(주),2023,사업장,자동차 신품 부품 제조업,26794.0,551.0,(주)한국경영인증원,
574,환경부,동우화인켐주식회사,2023,업체,사진장비 및 광학 기기 제조업,308750.0,5506.0,(재)한국품질재단,
575,환경부,동원로엑스(주),2023,사업장,도로 화물 운송업,54923.0,890.0,한국표준협회,
576,환경부,동원시스템즈(주),2023,업체,유리 및 유리제품 제조업,261349.0,4573.0,(재)한국품질재단,
577,환경부,동원페이퍼(주),2023,사업장,"펄프, 종이 및 판지 제조업",98474.0,1452.0,㈜한국품질보증원,
578,산업통상자원부,동은단조(주),2023,사업장,기계,34912.0,723.0,㈜한국품질보증원,
579,산업통상자원부,동은단조(주),2023,사업장,기계,34912.0,723.0,㈜한국품질보증원,
580,환경부,동일산업주식회사,2023,업체,1차 철강 제조업,251779.0,3053.0,한국표준협회,
581,산업통상자원부,동일알루미늄(주),2023,사업장,비철금속,19456.0,404.0,한국표준협회,
582,산업통상자원부,동일알루미늄(주),2023,사업장,비철금속,19456.0,404.0,한국표준협회,
583,산업통상자원부,동일제강(주),2023,사업장,철강,23803.0,443.0,한국표준협회,
584,산업통상자원부,동일제강(주),2023,사업장,철강,23803.0,443.0,한국표준협회,
585,환경부,동일팩키지(주),2023,사업장,"펄프, 종이 및 판지 제조업",48702.0,412.0,(재)한국품질재단,
586,환경부,동해시,2023,사업장,폐기물,20090.0,7.0,(재)한국품질재단,
587,환경부,동해시,2023,사업장,폐기물,20090.0,7.0,(재)한국품질재단,
588,환경부,동화기업(주),2023,사업장,나무제품 제조업,144231.0,2823.0,한국표준협회,
589,산업통상자원부,동화지앤피 주식회사,2023,사업장,유리,21788.0,339.0,(재)한국화학융합시험연구원,
590,산업통상자원부,동화지앤피 주식회사,2023,사업장,유리,21788.0,339.0,(재)한국화학융합시험연구원,
591,환경부,동희오토(주),2023,사업장,자동차용 엔진 및 자동차 제조업,40414.0,813.0,(주)한국경영인증원,
592,환경부,두산에너빌리티(주),2023,업체,1차 철강 제조업,246289.0,4679.0,(재)한국품질재단,
593,환경부,두원중공업(주),2023,사업장,일반 목적용 기계 제조업,24728.0,509.0,(주)신화엔지니어링종합건축사사무소,
594,환경부,디아이지에어가스 주식회사,2023,업체,기초 화학물질 제조업,827109.0,17231.0,㈜한국품질보증원,
595,환경부,디에스파워 주식회사,2023,업체,"증기, 냉ㆍ온수 및 공기 조절 공급업",1053003.0,20924.0,(주)한국경영인증원,
596,환경부,디엘 주식회사,2023,업체,합성고무 및 플라스틱 물질 제조업,55.0,1.0,한국가스안전공사,
597,환경부,디엘모터스(주),2023,사업장,자동차 신품 부품 제조업,55632.0,1142.0,(주)한국경영인증원,
598,환경부,디엘에프엔씨 주식회사,2023,사업장,플라스틱 제품 제조업,21155.0,438.0,한국가스안전공사,
599,국토교통부,디엘이앤씨(주),2023,업체,건설,55085.0,1048.0,한국표준협회,
600,국토교통부,디엘이앤씨(주),2023,업체,건설,55085.0,1048.0,한국표준협회,
601,환경부,디엘케미칼 주식회사,2023,업체,합성고무 및 플라스틱 물질 제조업,216120.0,4191.0,한국가스안전공사,
602,산업통상자원부,디케이동신(주),2023,사업장,철강,26158.0,492.0,한국표준협회,
603,산업통상자원부,디케이동신(주),2023,사업장,철강,26158.0,492.0,한국표준협회,
604,환경부,람정제주개발 주식회사,2023,사업장,일반 및 생활 숙박시설 운영업,42068.0,833.0,(주)한국경영인증원,
605,국토교통부,롯데관광개발 주식회사,2023,사업장,건물,31890.0,656.0,한국표준협회,
606,국토교통부,롯데관광개발 주식회사,2023,사업장,건물,31890.0,656.0,한국표준협회,
607,환경부,롯데글로벌로지스(주),2023,사업장,도로 화물 운송업,62751.0,1218.0,한국표준협회,
608,환경부,롯데네슬레코리아(주),2023,사업장,기타 식품 제조업,28007.0,835.0,(재)한국품질재단,
609,환경부,롯데물산(주),2023,사업장,부동산 임대 및 공급업,37879.0,754.0,(주)한국경영인증원,
610,환경부,롯데베르살리스엘라스토머스(주),2023,사업장,합성고무 및 플라스틱 물질 제조업,131514.0,2512.0,한국표준협회,
611,환경부,롯데쇼핑 주식회사,2023,업체,종합 소매업,709694.0,14429.0,한국표준협회,
612,환경부,롯데알미늄 주식회사,2023,사업장,기타 금속 가공제품 제조업,69531.0,1376.0,(재)한국품질재단,
613,환경부,롯데에너지머티리얼즈(주),2023,사업장,전자 부품 제조업,107995.0,2336.0,㈜디엔브이비즈니스어슈어런스코리아,
614,환경부,롯데엠시시 주식회사,2023,업체,기초 화학물질 제조업,285846.0,2737.0,한국표준협회,
615,환경부,롯데웰푸드(주),2023,업체,기타 식품 제조업,205393.0,4186.0,(주)한국경영인증원,
616,환경부,롯데이네오스화학 주식회사,2023,업체,기초 화학물질 제조업,249027.0,3527.0,한국표준협회,
617,환경부,롯데정밀화학 주식회사,2023,업체,기초 화학물질 제조업,697615.0,16090.0,로이드인증원㈜,
618,환경부,롯데정보통신(주),2023,사업장,"컴퓨터 프로그래밍, 시스템 통합 및 관리업",116877.0,2440.0,한국표준협회,
619,환경부,롯데칠성음료 주식회사,2023,업체,비알코올 음료 및 얼음 제조업,155177.0,2920.0,(주)한국경영인증원,
620,국토교통부,롯데컬처웍스 주식회사,2023,업체,건물,54758.0,1093.0,한국표준협회,
621,국토교통부,롯데컬처웍스 주식회사,2023,업체,건물,54758.0,1093.0,한국표준협회,
622,환경부,롯데케미칼 주식회사,2023,업체,기초 화학물질 제조업,6158540.0,110395.0,(재)한국품질재단,
623,환경부,르노코리아자동차(주),2023,사업장,자동차용 엔진 및 자동차 제조업,59941.0,1269.0,(주)한국경영인증원,
624,환경부,리뉴랜드경주 주식회사,2023,업체,폐기물 처리업,129260.0,30.0,(재)한국품질재단,"""(주)와이에스텍"" 업체명 변경"
625,환경부,리뉴에너지경기 주식회사,2023,업체,폐기물 처리업,70600.0,323.0,(재)한국품질재단,"""경기환경에너지㈜"" 업체명 변경"
626,환경부,리뉴에너지경북 주식회사,2023,업체,폐기물 처리업,82066.0,184.0,(재)한국품질재단,"""경북환경에너지㈜"" 업체명 변경"
627,환경부,리뉴에너지그린 주식회사,2023,사업장,지정외 폐기물처리업,70929.0,44.0,(재)한국품질재단,
628,환경부,리뉴에너지그린 주식회사,2023,사업장,지정외 폐기물처리업,70929.0,44.0,(재)한국품질재단,
629,환경부,리뉴에너지대원 주식회사,2023,사업장,폐기물 처리업,62241.0,400.0,(재)한국품질재단,
630,환경부,리뉴에너지새한 주식회사,2023,사업장,지정외 폐기물처리업,92214.0,166.0,(재)한국품질재단,
631,환경부,리뉴에너지새한 주식회사,2023,사업장,지정외 폐기물처리업,92214.0,166.0,(재)한국품질재단,
632,환경부,리뉴에너지충북(주),2023,업체,폐기물 처리업,225259.0,221.0,한국표준협회,"""주식회사 클렌코"" 업체명 변경"
633,환경부,리뉴에너지충청(주),2023,사업장,폐기물 처리업,68421.0,107.0,(재)한국품질재단,"""충청환경에너지㈜"" 업체명 변경"
634,환경부,린데코리아 주식회사,2023,업체,기초 화학물질 제조업,929793.0,18745.0,(재)한국품질재단,
635,산업통상자원부,마이크로소프트5673코리아 유한책임회사,2023,사업장,통신,56002.0,1169.0,한국표준협회,
636,산업통상자원부,마이크로소프트5673코리아 유한책임회사,2023,사업장,통신,56002.0,1169.0,한국표준협회,
637,환경부,만호제강(주),2023,사업장,1차 철강 제조업,37251.0,761.0,한국표준협회,
638,환경부,매그나칩반도체(유),2023,업체,반도체 제조업,87962.0,1399.0,(주)비에스아이그룹코리아,
639,환경부,매일유업(주),2023,사업장,낙농제품 및 식용 빙과류 제조업,115995.0,2231.0,(주)한국경영인증원,
640,환경부,명화공업(주),2023,사업장,자동차 신품 부품 제조업,41565.0,850.0,로이드인증원㈜,
641,환경부,목포시,2023,사업장,폐기물 처리업,55978.0,392.0,㈜한국품질보증원,
642,환경부,무림에스피(주),2023,사업장,"펄프, 종이 및 판지 제조업",46913.0,947.0,한국표준협회,
643,환경부,무림파워텍 주식회사,2023,업체,"증기, 냉ㆍ온수 및 공기 조절 공급업",154369.0,2308.0,한국표준협회,
644,환경부,무림페이퍼(주),2023,업체,"펄프, 종이 및 판지 제조업",170955.0,3400.0,한국표준협회,
645,환경부,무림피앤피(주),2023,업체,"펄프, 종이 및 판지 제조업",251659.0,13692.0,한국표준협회,
646,환경부,무안군,2023,사업장,폐기물,18801.0,105.0,㈜한국품질보증원,
647,환경부,무안군,2023,사업장,폐기물,18801.0,105.0,㈜한국품질보증원,
648,산업통상자원부,미래나노텍(주),2023,사업장,전기전자,29938.0,552.0,(주)한국경영인증원,
649,산업통상자원부,미래나노텍(주),2023,사업장,전기전자,29938.0,552.0,(주)한국경영인증원,
650,산업통상자원부,미원상사(주),2023,사업장,석유화학,23749.0,439.0,대일이엔씨기술(주),
651,산업통상자원부,미원상사(주),2023,사업장,석유화학,23749.0,439.0,대일이엔씨기술(주),
652,환경부,미원스페셜티케미칼(주),2023,사업장,기초 화학물질 제조업,67364.0,1269.0,(주)한국경영인증원,
653,환경부,밀양시,2023,사업장,폐기물,17158.0,71.0,㈜한국품질보증원,
654,환경부,밀양시,2023,사업장,폐기물,17158.0,71.0,㈜한국품질보증원,
655,환경부,바스프퍼포먼스폴리아마이드코리아 주식회사,2023,사업장,기초 화학물질 제조업,70403.0,1589.0,한국표준협회,
656,환경부,백광산업 주식회사,2023,업체,기초 화학물질 제조업,199788.0,3977.0,한국표준협회,
657,환경부,버슘머트리얼즈피엠코리아,2023,사업장,기초 화학물질 제조업,19870.0,414.0,로이드인증원㈜,
658,국토교통부,범일운수,2023,사업장,교통(여객),16345.0,308.0,(주)한국경영인증원,
659,국토교통부,범일운수,2023,사업장,교통(여객),16345.0,308.0,(주)한국경영인증원,
660,환경부,베올리아워터코리아대산(주),2023,사업장,수도업,88739.0,1852.0,(주)한국경영인증원,
661,산업통상자원부,베페사징크코리아(주),2023,사업장,비철금속,112462.0,154.0,(재)한국화학융합시험연구원,
662,산업통상자원부,베페사징크코리아(주),2023,업체,비철금속,112462.0,154.0,(재)한국화학융합시험연구원,
663,환경부,보령시,2023,사업장,폐기물 처리업,52924.0,298.0,(재)한국품질재단,
664,환경부,보령엘엔지터미널 주식회사,2023,사업장,연료용 가스 제조 및 배관공급업,53552.0,1082.0,대일이엔씨기술(주),
665,국토교통부,보영운수(주),2023,사업장,교통(여객),14244.0,252.0,한국표준협회,
666,국토교통부,보영운수(주),2023,사업장,교통(여객),14244.0,252.0,한국표준협회,
667,환경부,보임열병합발전 주식회사,2023,업체,"증기, 냉ㆍ온수 및 공기 조절 공급업",1098359.0,11713.0,로이드인증원㈜,"""데이원에너지 주식회사"" 업체명 변경"
668,산업통상자원부,볼보그룹코리아(주),2023,사업장,기계,19308.0,377.0,한국표준협회,
669,산업통상자원부,볼보그룹코리아(주),2023,사업장,기계,19308.0,377.0,한국표준협회,
670,환경부,부경산업(주),2023,업체,폐기물 처리업,94005.0,86.0,(재)한국화학융합시험연구원,
671,환경부,부경산업(주),2023,업체,폐기물 처리업,94005.0,86.0,(재)한국화학융합시험연구원,
672,환경부,부산광역시,2023,업체,폐기물 처리업,780623.0,8241.0,대일이엔씨기술(주),
673,국토교통부,부산교통(주),2023,사업장,교통(여객),12560.0,183.0,한국표준협회,
674,국토교통부,부산교통(주),2023,사업장,교통(여객),12560.0,183.0,한국표준협회,
675,환경부,부산교통공사,2023,업체,육상 여객 운송업,161952.0,3380.0,한국표준협회,
676,환경부,부산그린파워(주),2023,사업장,폐기물 처리업,39552.0,16.0,(주)한국경영인증원,
677,환경부,부산그린파워(주),2023,사업장,폐기물 처리업,39552.0,16.0,(주)한국경영인증원,
678,국토교통부,부산대학교,2023,사업장,건물,27134.0,638.0,㈜한국품질보증원,
679,국토교통부,부산대학교,2023,사업장,건물,27134.0,638.0,㈜한국품질보증원,
680,국토교통부,부산대학교병원,2023,사업장,건물,41435.0,858.0,한국표준협회,
681,국토교통부,부산대학교병원,2023,사업장,건물,41435.0,858.0,한국표준협회,
682,해양수산부,부산신항국제터미널(주),2023,사업장,항만,29818.0,450.0,로이드인증원㈜,
683,해양수산부,부산신항국제터미널(주),2023,사업장,항만,29818.0,450.0,로이드인증원㈜,
684,해양수산부,부산신항만주식회사,2023,사업장,항만,49973.0,988.0,한국표준협회,
685,해양수산부,부산신항만주식회사,2023,업체,항만,49973.0,988.0,한국표준협회,
686,환경부,부산정관에너지(주),2023,사업장,"증기, 냉ㆍ온수 및 공기 조절 공급업",67841.0,1350.0,(주)신화엔지니어링종합건축사사무소,
687,환경부,부산주공(주),2023,사업장,자동차 신품 부품 제조업,97045.0,1807.0,㈜한국품질보증원,
688,환경부,부산패션칼라산업협동조합,2023,업체,"증기, 냉ㆍ온수 및 공기 조절 공급업",127577.0,1794.0,(주)한국경영인증원,
689,해양수산부,부산항터미널주식회사,2023,사업장,항만,43306.0,801.0,(주)한국경영인증원,
690,해양수산부,부산항터미널주식회사,2023,사업장,항만,43306.0,801.0,(주)한국경영인증원,
691,환경부,부천시,2023,업체,"하수, 폐수 및 분뇨 처리업",163089.0,1554.0,㈜한국품질보증원,
692,국토교통부,북부운수(주),2023,사업장,교통(여객),14321.0,272.0,(주)한국경영인증원,
693,국토교통부,북부운수(주),2023,사업장,교통(여객),14321.0,272.0,(주)한국경영인증원,
694,농림축산식품부,브리티쉬아메리칸토바코코리아제조(주),2023,사업장,담배제조업,15909.0,446.0,한국표준협회,
695,농림축산식품부,브리티쉬아메리칸토바코코리아제조(주),2023,사업장,담배제조업,15909.0,446.0,한국표준협회,
696,환경부,브이피에이치메탈 유한회사,2023,사업장,자동차 신품 부품 제조업,31664.0,589.0,㈜한국품질보증원,
697,환경부,비노텍 주식회사,2023,사업장,폐기물 처리업,64983.0,66.0,(주)한국경영인증원,
698,환경부,비를라카본코리아(주),2023,업체,기초 화학물질 제조업,125496.0,487.0,㈜디엔브이비즈니스어슈어런스코리아,
699,산업통상자원부,비테스코테크놀로지스코리아 유한책임회사,2023,사업장,자동차,16885.0,346.0,(주)한국경영인증원,
700,산업통상자원부,비테스코테크놀로지스코리아 유한책임회사,2023,사업장,자동차,16885.0,346.0,(주)한국경영인증원,
701,산업통상자원부,빛고을에코에너지 주식회사,2023,사업장,발전에너지,56358.0,0.0,한국표준협회,
702,산업통상자원부,빛고을에코에너지 주식회사,2023,사업장,발전에너지,56358.0,0.0,한국표준협회,
703,환경부,사회복지법인 삼성생명공익재단,2023,사업장,병원,86794.0,1778.0,(재)한국품질재단,
704,환경부,삼강에스앤씨(주),2023,사업장,선박 및 보트 건조업,27328.0,476.0,(재)한국품질재단,
705,환경부,삼남석유화학주식회사,2023,업체,기초 화학물질 제조업,187338.0,2550.0,한국표준협회,
706,환경부,삼목에스폼(주),2023,업체,1차 비철금속 제조업,41683.0,757.0,한국표준협회,
707,산업통상자원부,삼미금속(주),2023,사업장,철강,16314.0,332.0,한국표준협회,
708,산업통상자원부,삼미금속(주),2023,사업장,철강,16314.0,332.0,한국표준협회,
709,환경부,삼보산업 주식회사,2023,사업장,1차 비철금속 제조업,48843.0,490.0,한국표준협회,
710,환경부,삼성디스플레이 주식회사,2023,업체,전자 부품 제조업,3963216.0,59104.0,(주)비에스아이그룹코리아,
711,환경부,삼성물산 주식회사,2023,사업장,건물 건설업,93787.0,2018.0,(주)한국경영인증원,
712,환경부,삼성바이오로직스 주식회사,2023,사업장,기초 의약 물질 및 생물학적 제제 제조업,215255.0,4501.0,대일이엔씨기술(주),
713,국토교통부,삼성생명보험 주식회사,2023,업체,건물,60025.0,771.0,(재)한국품질재단,
714,국토교통부,삼성생명보험 주식회사,2023,업체,건물,60025.0,771.0,(재)한국품질재단,
715,환경부,삼성에스디아이 주식회사,2023,업체,일차전지 및 축전지 제조업,598281.0,12442.0,한국표준협회,
716,환경부,삼성에스디에스(주),2023,사업장,"컴퓨터 프로그래밍, 시스템 통합 및 관리업",149538.0,3114.0,(주)한국경영인증원,
717,환경부,삼성전기 주식회사,2023,업체,전자 부품 제조업,451100.0,9466.0,(주)비에스아이그룹코리아,
718,환경부,삼성전자 주식회사,2023,업체,반도체 제조업,13290342.0,240882.0,(재)한국품질재단,
719,환경부,삼성중공업 주식회사,2023,업체,선박 및 보트 건조업,351978.0,6287.0,한국표준협회,
720,환경부,삼성코닝어드밴스드글라스 유한회사,2023,사업장,유리 및 유리제품 제조업,52712.0,1073.0,로이드인증원㈜,
721,산업통상자원부,삼신정밀(주),2023,사업장,철강,23004.0,474.0,한국표준협회,
722,산업통상자원부,삼신정밀(주),2023,사업장,철강,23004.0,474.0,한국표준협회,
723,산업통상자원부,삼아알미늄주식회사,2023,사업장,비철금속,20521.0,401.0,한국표준협회,
724,산업통상자원부,삼아알미늄주식회사,2023,사업장,비철금속,20521.0,401.0,한국표준협회,
725,환경부,삼양식품(주),2023,사업장,기타 식품 제조업,64173.0,1369.0,(주)비에스아이그룹코리아,
726,환경부,삼양이노켐 주식회사,2023,사업장,기초 화학물질 제조업,94578.0,1684.0,한국표준협회,
727,산업통상자원부,삼양통상(주),2023,사업장,섬유,12071.0,245.0,(주)한국경영인증원,
728,산업통상자원부,삼양통상(주),2023,사업장,섬유,12071.0,245.0,(주)한국경영인증원,
729,환경부,삼양화성주식회사,2023,사업장,합성고무 및 플라스틱 물질 제조업,72774.0,1894.0,한국표준협회,
730,산업통상자원부,삼양화인테크놀로지(주),2023,사업장,석유화학,31652.0,368.0,한국표준협회,
731,산업통상자원부,삼양화인테크놀로지(주),2023,사업장,석유화학,31652.0,368.0,한국표준협회,
732,환경부,삼영산업,2023,사업장,"내화, 비내화 요업제품 제조업",25708.0,471.0,(주)한국경영인증원,
733,환경부,삼영운수(주),2023,사업장,육상 여객 운송업,20662.0,372.0,한국표준협회,
734,환경부,삼영전자공업(주),2023,업체,기타 금속 가공제품 제조업,67451.0,1470.0,(주)한국경영인증원,
735,환경부,삼정펄프(주),2023,업체,"펄프, 종이 및 판지 제조업",147721.0,1974.0,(주)비에스아이그룹코리아,
736,환경부,삼표시멘트,2023,업체,"시멘트, 석회, 플라스터 및 그 외 제품 제조업",5801581.0,34504.0,(재)한국품질재단,
737,환경부,삼표자원개발주식회사,2023,사업장,토사석 광업,29914.0,534.0,(재)한국품질재단,
738,환경부,삼표해운주식회사,2023,사업장,해상 운송업,73670.0,1016.0,(재)한국품질재단,
739,산업통상자원부,삼호제강주식회사,2023,사업장,철강,18281.0,365.0,(주)한국경영인증원,
740,산업통상자원부,삼호제강주식회사,2023,사업장,철강,18281.0,365.0,(주)한국경영인증원,
741,산업통상자원부,삼화왕관(주),2023,사업장,기계,19391.0,374.0,한국표준협회,
742,산업통상자원부,삼화왕관(주),2023,사업장,기계,19391.0,374.0,한국표준협회,
743,환경부,삼화제지(주),2023,업체,"펄프, 종이 및 판지 제조업",19664.0,577.0,한국표준협회,
744,산업통상자원부,삼화콘덴서공업(주),2023,사업장,전기전자,24605.0,513.0,한국표준협회,
745,산업통상자원부,삼화콘덴서공업(주),2023,사업장,전기전자,24605.0,513.0,한국표준협회,
746,환경부,삼흥열처리,2023,사업장,기타 금속 가공제품 제조업,30162.0,621.0,(주)한국경영인증원,
747,해양수산부,상지해운(주),2023,사업장,교통(해운),19904.0,274.0,㈜디엔브이비즈니스어슈어런스코리아,
748,해양수산부,상지해운(주),2023,사업장,교통(해운),19904.0,274.0,㈜디엔브이비즈니스어슈어런스코리아,
749,산업통상자원부,새론오토모티브(주),2023,사업장,자동차,15948.0,322.0,(주)한국경영인증원,
750,산업통상자원부,새론오토모티브(주),2023,사업장,자동차,15948.0,322.0,(주)한국경영인증원,
751,국토교통부,새한특수(주),2023,사업장,교통(화물),15866.0,225.0,한국표준협회,
752,국토교통부,새한특수(주),2023,사업장,교통(화물),15866.0,225.0,한국표준협회,
753,환경부,생고뱅이소바코리아 주식회사,2023,사업장,유리 및 유리제품 제조업,38909.0,770.0,(주)한국경영인증원,
754,환경부,서산시,2023,사업장,하수처리업,22741.0,197.0,한국표준협회,
755,환경부,서산시,2023,사업장,하수처리업,22741.0,197.0,한국표준협회,
756,농림축산식품부,서영주정(주),2023,사업장,음료제조업,29716.0,418.0,(재)한국품질재단,
757,농림축산식품부,서영주정(주),2023,사업장,음료제조업,29716.0,418.0,(재)한국품질재단,
758,환경부,서울교통공사,2023,업체,육상 여객 운송업,649237.0,13555.0,(주)한국경영인증원,
759,국토교통부,서울교통네트웍(주),2023,사업장,교통(여객),14146.0,267.0,(주)한국경영인증원,
760,국토교통부,서울교통네트웍(주),2023,사업장,교통(여객),14146.0,267.0,(주)한국경영인증원,
761,산업통상자원부,서울냉열(주),2023,사업장,석유화학,10525.0,219.0,(주)한국경영인증원,
762,산업통상자원부,서울냉열(주),2023,사업장,석유화학,10525.0,219.0,(주)한국경영인증원,
763,환경부,서울대학교병원,2023,사업장,병원,93996.0,1961.0,한국표준협회,
764,환경부,서울바이오시스(주),2023,사업장,반도체 제조업,59912.0,1239.0,로이드인증원㈜,
765,산업통상자원부,서울반도체,2023,사업장,반도체,6289.0,128.0,로이드인증원㈜,
766,산업통상자원부,서울반도체,2023,사업장,반도체,6289.0,128.0,로이드인증원㈜,
767,환경부,서울시메트로 9호선(주),2023,사업장,육상 여객 운송업,50038.0,1043.0,(주)한국경영인증원,
768,환경부,서울에너지공사,2023,업체,"증기, 냉ㆍ온수 및 공기 조절 공급업",319680.0,6695.0,한국표준협회,
769,농림축산식품부,서울우유협동조합,2023,업체,식료품 제조업,71579.0,1368.0,한국표준협회,
770,농림축산식품부,서울우유협동조합,2023,업체,식료품 제조업,71579.0,1368.0,한국표준협회,
771,환경부,서울특별시,2023,업체,폐기물 처리업,1476742.0,12757.0,(재)한국품질재단,
772,환경부,서울특별시농수산식품공사,2023,사업장,부동산 임대 및 공급업,62806.0,1305.0,(주)한국경영인증원,
773,산업통상자원부,서진산업(주),2023,사업장,자동차,18927.0,362.0,한국표준협회,
774,산업통상자원부,서진산업(주),2023,사업장,자동차,18927.0,362.0,한국표준협회,
775,환경부,서한이앤피주식회사,2023,사업장,기타 금속 가공제품 제조업,66864.0,1329.0,(주)한국경영인증원,
776,환경부,서해그린환경(주),2023,사업장,폐기물 처리업,79384.0,218.0,(재)한국품질재단,
777,산업통상자원부,선도화학(주),2023,사업장,석유화학,28995.0,605.0,한국가스안전공사,
778,산업통상자원부,선도화학(주),2023,사업장,석유화학,28995.0,605.0,한국가스안전공사,
779,환경부,선진버스(주),2023,사업장,육상 여객 운송업,16755.0,306.0,(주)한국경영인증원,
780,환경부,성남시,2023,업체,폐기물 처리업,255226.0,2189.0,㈜한국품질보증원,
781,환경부,성남시내버스(주),2023,사업장,육상 여객 운송업,25839.0,493.0,㈜한국품질보증원,
782,환경부,성림유화 주식회사,2023,업체,폐기물 처리업,229505.0,209.0,로이드인증원㈜,
783,산업통상자원부,성보공업(주),2023,사업장,철강,13305.0,259.0,한국표준협회,
784,산업통상자원부,성보공업(주),2023,사업장,철강,13305.0,259.0,한국표준협회,
785,환경부,성신씨엠 주식회사,2023,사업장,"시멘트, 석회, 플라스터 및 그 외 제품 제조업",21880.0,446.0,로이드인증원㈜,
786,환경부,성신양회(주),2023,업체,"시멘트, 석회, 플라스터 및 그 외 제품 제조업",4989822.0,27628.0,한국표준협회,
787,환경부,성안합섬(주),2023,사업장,화학섬유 제조업,18570.0,379.0,(주)한국경영인증원,
788,해양수산부,성우해운주식회사,2023,사업장,교통(해운),20137.0,275.0,한국표준협회,
789,해양수산부,성우해운주식회사,2023,사업장,교통(해운),20137.0,275.0,한국표준협회,
790,산업통상자원부,성일요업주식회사,2023,사업장,요업,17671.0,336.0,한국표준협회,
791,산업통상자원부,성일요업주식회사,2023,사업장,요업,17671.0,336.0,한국표준협회,
792,산업통상자원부,성일하이텍(주),2023,사업장,비철금속,36401.0,550.0,(주)한국경영인증원,
793,산업통상자원부,성일하이텍(주),2023,사업장,비철금속,36401.0,550.0,(주)한국경영인증원,
794,환경부,성창보드(주),2023,사업장,나무제품 제조업,30148.0,614.0,㈜한국품질보증원,
795,환경부,성훈엔지니어링주식회사,2023,사업장,1차 비철금속 제조업,38801.0,774.0,한국가스안전공사,
796,환경부,세메스(주),2023,사업장,특수 목적용 기계 제조업,38477.0,737.0,한국표준협회,
797,환경부,세방(주),2023,사업장,도로 화물 운송업,28028.0,438.0,(주)한국경영인증원,
798,환경부,세방전지(주),2023,업체,일차전지 및 축전지 제조업,136703.0,2822.0,(주)한국경영인증원,
799,환경부,세종특별자치시,2023,사업장,하수처리업,62871.0,595.0,(재)한국품질재단,
800,환경부,세종특별자치시,2023,사업장,하수처리업,62871.0,595.0,(재)한국품질재단,
801,환경부,셀트리온,2023,사업장,기초 의약 물질 및 생물학적 제제 제조업,64717.0,1352.0,(주)한국경영인증원,
802,환경부,셰플러코리아 유한책임회사,2023,사업장,일반 목적용 기계 제조업,82674.0,1715.0,로이드인증원㈜,
803,환경부,소신여객자동차(주),2023,사업장,육상 여객 운송업,17895.0,347.0,한국표준협회,
804,환경부,속초시,2023,사업장,지정외 폐기물처리업,18598.0,279.0,(주)한국경영인증원,
805,환경부,속초시,2023,사업장,지정외 폐기물처리업,18598.0,279.0,(주)한국경영인증원,
806,환경부,솔베이실리카코리아(주),2023,사업장,기초 화학물질 제조업,33440.0,715.0,대일이엔씨기술(주),
807,환경부,솔브레인에스엘디 주식회사,2023,사업장,전자 부품 제조업,37047.0,711.0,한국표준협회,
808,환경부,송원산업(주),2023,업체,기타 화학제품 제조업,128812.0,2619.0,한국표준협회,
809,환경부,송학제지(주),2023,사업장,"펄프, 종이 및 판지 제조업",27642.0,226.0,(주)한국경영인증원,
810,환경부,수도권매립지관리공사,2023,업체,폐기물 처리업,1163222.0,4863.0,대일이엔씨기술(주),
811,환경부,수완에너지 주식회사,2023,업체,"증기, 냉ㆍ온수 및 공기 조절 공급업",156339.0,3104.0,대일이엔씨기술(주),
812,환경부,수원시,2023,업체,폐기물 처리업,177623.0,2098.0,㈜한국품질보증원,
813,국토교통부,수원애경역사 주식회사,2023,사업장,건물,14768.0,304.0,한국표준협회,
814,국토교통부,수원애경역사 주식회사,2023,사업장,건물,14768.0,304.0,한국표준협회,
815,환경부,수원여객운수(주),2023,사업장,육상 여객 운송업,23468.0,457.0,한국표준협회,
816,국토교통부,수협노량진수산 주식회사,2023,사업장,건물,15940.0,332.0,(주)한국경영인증원,
817,국토교통부,수협노량진수산 주식회사,2023,사업장,건물,15940.0,332.0,(주)한국경영인증원,
818,환경부,순천시,2023,사업장,"하수, 폐수 및 분뇨 처리업",71728.0,460.0,(주)한국경영인증원,
819,환경부,스미토모세이카폴리머스코리아(주),2023,사업장,합성고무 및 플라스틱 물질 제조업,43122.0,1507.0,로이드인증원㈜,
820,환경부,스테코(주),2023,사업장,전자 부품 제조업,42902.0,893.0,한국표준협회,
821,환경부,스템코(주),2023,사업장,반도체 제조업,42450.0,899.0,(주)한국경영인증원,
822,환경부,스틸싸이클 주식회사,2023,사업장,1차 비철금속 제조업,75182.0,765.0,한국표준협회,
823,산업통상자원부,스틸싸이클에스씨(주),2023,사업장,비철금속,32045.0,42.0,한국표준협회,
824,산업통상자원부,스틸싸이클에스씨(주),2023,업체,비철금속,32045.0,42.0,한국표준협회,
825,환경부,시그네틱스(주),2023,사업장,반도체 제조업,38048.0,789.0,(주)한국경영인증원,
826,환경부,시흥시,2023,사업장,폐기물 처리업,98335.0,901.0,(재)한국품질재단,
827,환경부,신대양제지(주),2023,업체,"펄프, 종이 및 판지 제조업",237744.0,1659.0,한국표준협회,
828,환경부,신대양제지반월(주),2023,사업장,"펄프, 종이 및 판지 제조업",100851.0,670.0,한국표준협회,
829,환경부,신대일페이퍼 주식회사,2023,사업장,"펄프, 종이 및 판지 제조업",83230.0,867.0,(주)한국경영인증원,
830,환경부,신대한정유산업 주식회사,2023,사업장,폐기물 처리업,78306.0,256.0,(주)한국경영인증원,
831,국토교통부,신도림테크노마트 주식회사,2023,사업장,건물,15184.0,315.0,(주)한국경영인증원,
832,국토교통부,신도림테크노마트 주식회사,2023,사업장,건물,15184.0,315.0,(주)한국경영인증원,
833,환경부,신분당선(주),2023,사업장,육상 여객 운송업,26767.0,559.0,(주)한국경영인증원,
834,환경부,신성교통(주),2023,사업장,육상 여객 운송업,13938.0,259.0,대일이엔씨기술(주),
835,국토교통부,신안종합리조트(주),2023,사업장,건물,16252.0,326.0,(주)한국경영인증원,
836,국토교통부,신안종합리조트(주),2023,사업장,건물,16252.0,326.0,(주)한국경영인증원,
837,환경부,신창제지공업주식회사,2023,사업장,"펄프, 종이 및 판지 제조업",29475.0,601.0,한국표준협회,
838,환경부,신평택발전(주),2023,업체,전기업,1857561.0,36895.0,로이드인증원㈜,
839,산업통상자원부,신화인터텍(주),2023,사업장,전기전자,14196.0,290.0,로이드인증원㈜,
840,산업통상자원부,신화인터텍(주),2023,사업장,전기전자,14196.0,290.0,로이드인증원㈜,
841,산업통상자원부,쌍용기초소재(주),2023,사업장,시멘트,25292.0,459.0,로이드인증원㈜,
842,산업통상자원부,쌍용기초소재(주),2023,사업장,시멘트,25292.0,459.0,로이드인증원㈜,
843,환경부,쌍용씨앤이(주),2023,업체,"시멘트, 석회, 플라스터 및 그 외 제품 제조업",10736622.0,64449.0,한국표준협회,
844,환경부,씨엔씨티에너지 주식회사,2023,사업장,"증기, 냉ㆍ온수 및 공기 조절 공급업",29286.0,575.0,로이드인증원㈜,
845,환경부,씨월드고속훼리(주),2023,사업장,해상 운송업,98988.0,1364.0,(주)한국경영인증원,
846,국토교통부,씨제이씨지브이 주식회사,2023,업체,건물,69730.0,1394.0,(주)한국경영인증원,
847,국토교통부,씨제이씨지브이 주식회사,2023,업체,건물,69730.0,1394.0,(주)한국경영인증원,
848,산업통상자원부,씨지앤대산전력(주),2023,업체,발전에너지,25672.0,388.0,㈜한국품질보증원,
849,산업통상자원부,씨지앤대산전력(주),2023,업체,발전에너지,25672.0,388.0,㈜한국품질보증원,
850,환경부,씨지앤율촌전력 주식회사,2023,업체,전기업,2050099.0,40217.0,㈜한국품질보증원,
851,환경부,아반스트레이트코리아 주식회사,2023,사업장,유리 및 유리제품 제조업,13938.0,280.0,㈜한국품질보증원,
852,환경부,아산시,2023,사업장,폐기물 처리업,103499.0,1009.0,㈜한국품질보증원,
853,환경부,아세아시멘트 주식회사,2023,업체,"시멘트, 석회, 플라스터 및 그 외 제품 제조업",2403681.0,15324.0,한국표준협회,
854,환경부,아세아제지(주),2023,업체,"펄프, 종이 및 판지 제조업",455531.0,4341.0,한국표준협회,
855,환경부,아시아나항공,2023,업체,항공 여객 운송업,332356.0,4883.0,㈜디엔브이비즈니스어슈어런스코리아,
856,환경부,아주대학교의료원,2023,사업장,병원,29091.0,595.0,한국생산성본부인증원(주),
857,산업통상자원부,아주스틸(주),2023,사업장,기계,10821.0,208.0,한국표준협회,
858,산업통상자원부,아주스틸(주),2023,사업장,기계,10821.0,208.0,한국표준협회,
859,환경부,안동시,2023,사업장,수도사업,15374.0,162.0,(재)한국품질재단,
860,환경부,안동시,2023,사업장,수도사업,15374.0,162.0,(재)한국품질재단,
861,환경부,안산도시개발(주),2023,사업장,"증기, 냉ㆍ온수 및 공기 조절 공급업",21639.0,555.0,(재)한국품질재단,
862,환경부,안산도시개발(주),2023,사업장,"증기, 냉ㆍ온수 및 공기 조절 공급업",21639.0,555.0,(재)한국품질재단,
863,환경부,안산시,2023,업체,"하수, 폐수 및 분뇨 처리업",117917.0,1465.0,㈜한국품질보증원,
864,환경부,안양시,2023,사업장,"하수, 폐수 및 분뇨 처리업",97999.0,1047.0,㈜한국품질보증원,
865,환경부,애경케미칼(주),2023,업체,기초 화학물질 제조업,180260.0,1880.0,(주)한국경영인증원,
866,환경부,앰코테크놀로지코리아(주),2023,업체,반도체 제조업,333053.0,6850.0,(주)비에스아이그룹코리아,
867,환경부,양산시,2023,사업장,폐기물 처리업,91005.0,797.0,㈜한국품질보증원,
868,환경부,양주시,2023,사업장,폐기물 처리업,67323.0,869.0,㈜한국품질보증원,
869,환경부,어프로티움 주식회사,2023,업체,기초 화학물질 제조업,452372.0,3492.0,(재)한국품질재단,
870,환경부,에너원(주),2023,사업장,"증기, 냉ㆍ온수 및 공기 조절 공급업",39413.0,453.0,(주)한국경영인증원,
871,산업통상자원부,에스앤티모티브 주식회사,2023,사업장,자동차,20139.0,418.0,한국표준협회,
872,산업통상자원부,에스앤티모티브 주식회사,2023,사업장,자동차,20139.0,418.0,한국표준협회,
873,산업통상자원부,에스에스엘엠 주식회사,2023,사업장,전기전자,23549.0,482.0,한국표준협회,
874,산업통상자원부,에스에스엘엠 주식회사,2023,사업장,전기전자,23549.0,482.0,한국표준협회,
875,환경부,에스엔에프코리아(주),2023,사업장,기타 화학제품 제조업,30220.0,752.0,(주)한국경영인증원,
876,산업통상자원부,에스엘 주식회사,2023,업체,전기전자,55666.0,1157.0,(재)한국품질재단,
877,산업통상자원부,에스엘 주식회사,2023,업체,전기전자,55666.0,1157.0,(재)한국품질재단,
878,환경부,에스지씨솔루션 주식회사,2023,업체,유리 및 유리제품 제조업,163191.0,2706.0,(재)한국품질재단,
879,환경부,에스지씨에너지 주식회사,2023,업체,유리 및 유리제품 제조업,1722152.0,43694.0,㈜디엔브이비즈니스어슈어런스코리아,
880,환경부,에스케이 주식회사,2023,업체,"컴퓨터 프로그래밍, 시스템 통합 및 관리업",126634.0,2640.0,한국표준협회,
881,산업통상자원부,에스케이가스(주),2023,사업장,발전에너지,21052.0,347.0,(재)한국품질재단,
882,산업통상자원부,에스케이가스(주),2023,사업장,발전에너지,21052.0,347.0,(재)한국품질재단,
883,국토교통부,에스케이네트웍스 주식회사,2023,사업장,건물,23016.0,469.0,(주)비에스아이그룹코리아,
884,국토교통부,에스케이네트웍스 주식회사,2023,사업장,건물,23016.0,469.0,(주)비에스아이그룹코리아,
885,환경부,에스케이넥실리스 주식회사,2023,사업장,1차 비철금속 제조업,190594.0,3959.0,(주)한국경영인증원,
886,환경부,에스케이마이크로웍스 주식회사,2023,업체,플라스틱 제품 제조업,145729.0,2990.0,한국표준협회,
887,환경부,에스케이마이크로웍스솔루션즈 주식회사,2023,사업장,플라스틱 제품 제조업,35739.0,661.0,(재)한국품질재단,
888,환경부,에스케이머티리얼즈에어플러스 주식회사,2023,업체,기초 화학물질 제조업,312710.0,6541.0,한국표준협회,
889,환경부,에스케이멀티유틸리티 주식회사,2023,업체,"증기, 냉ㆍ온수 및 공기 조절 공급업",334853.0,4013.0,(재)한국품질재단,
890,산업통상자원부,에스케이바이오사이언스(주),2023,사업장,석유화학,17803.0,365.0,(재)한국품질재단,
891,산업통상자원부,에스케이바이오사이언스(주),2023,사업장,석유화학,17803.0,365.0,(재)한국품질재단,
892,환경부,에스케이스페셜티 주식회사,2023,업체,기초 화학물질 제조업,249551.0,5168.0,한국가스안전공사,
893,환경부,에스케이실트론 주식회사,2023,업체,반도체 제조업,386319.0,8102.0,로이드인증원㈜,
894,환경부,에스케이씨 주식회사,2023,업체,플라스틱 제품 제조업,1911.0,38.0,한국표준협회,
895,환경부,에스케이아이이테크놀로지주식회사,2023,사업장,일차전지 및 축전지 제조업,80652.0,1654.0,한국표준협회,
896,환경부,에스케이어드밴스드주식회사,2023,업체,기초 화학물질 제조업,525364.0,9465.0,한국표준협회,
897,환경부,에스케이에너지 주식회사,2023,업체,석유 정제품 제조업,7114805.0,79716.0,한국표준협회,
898,환경부,에스케이에코프라임 주식회사,2023,업체,기타 화학제품 제조업,33292.0,571.0,(재)한국품질재단,
899,환경부,에스케이엔무브 주식회사,2023,업체,석유 정제품 제조업,196078.0,6656.0,한국표준협회,
900,환경부,에스케이엔텀 주식회사,2023,업체,보관 및 창고업,26399.0,542.0,한국표준협회,
901,산업통상자원부,에스케이오션플랜트(주),2023,사업장,조선,25509.0,447.0,한국표준협회,
902,산업통상자원부,에스케이오션플랜트(주),2023,사업장,조선,25509.0,447.0,한국표준협회,
903,환경부,에스케이온 주식회사,2023,업체,일차전지 및 축전지 제조업,169547.0,3505.0,한국표준협회,
904,환경부,에스케이이엔에스 주식회사,2023,업체,전기업,2149279.0,42714.0,대일이엔씨기술(주),
905,환경부,에스케이지오센트릭 주식회사,2023,업체,기초 화학물질 제조업,2559413.0,59471.0,한국표준협회,
906,환경부,에스케이케미칼(주),2023,업체,합성고무 및 플라스틱 물질 제조업,220838.0,3913.0,(재)한국품질재단,
907,환경부,에스케이키파운드리 주식회사,2023,업체,반도체 제조업,271185.0,3594.0,(주)비에스아이그룹코리아,"""주식회사 키파운드리"" 업체명 변경"
908,환경부,에스케이텔레콤 주식회사,2023,업체,전기 통신업,1149239.0,23995.0,㈜디엔브이비즈니스어슈어런스코리아,
909,환경부,에스케이피아이씨글로벌 주식회사,2023,업체,기초 화학물질 제조업,359346.0,6851.0,한국표준협회,
910,산업통상자원부,에스케이피유코어 주식회사,2023,사업장,석유화학,22558.0,496.0,한국표준협회,
911,산업통상자원부,에스케이피유코어 주식회사,2023,사업장,석유화학,22556.0,496.0,한국표준협회,
912,환경부,에스케이하이닉스 시스템아이씨(주),2023,업체,반도체 제조업,131.0,2.0,(주)비에스아이그룹코리아,
913,환경부,에스케이하이닉스 주식회사,2023,업체,반도체 제조업,4789833.0,94584.0,(주)비에스아이그룹코리아,
914,환경부,에스티엠 주식회사,2023,사업장,일차전지 및 축전지 제조업,51802.0,1072.0,한국표준협회,
915,환경부,에스폼(주),2023,사업장,1차 비철금속 제조업,1.0,0.0,한국표준협회,
916,환경부,에스피엘(주),2023,사업장,기타 식품 제조업,28309.0,642.0,(주)비에스아이그룹코리아,
917,환경부,에어리퀴드코리아 주식회사,2023,업체,기초 화학물질 제조업,241790.0,2736.0,로이드인증원㈜,
918,환경부,에어부산(주),2023,업체,항공 여객 운송업,172964.0,2480.0,한국표준협회,
919,국토교통부,에어서울 주식회사,2023,업체,교통(항공),34550.0,495.0,한국표준협회,
920,국토교통부,에어서울 주식회사,2023,사업장,교통(항공),34550.0,495.0,한국표준협회,
921,환경부,에어프로덕츠코리아 주식회사,2023,업체,기초 화학물질 제조업,795152.0,16409.0,로이드인증원㈜,
922,환경부,에이에스이코리아주식회사,2023,사업장,반도체 제조업,108886.0,2255.0,㈜디엔브이비즈니스어슈어런스코리아,
923,산업통상자원부,에이지씨디스플레이글라스오창주식회사,2023,사업장,유리,11815.0,246.0,㈜디엔브이비즈니스어슈어런스코리아,
924,산업통상자원부,에이지씨디스플레이글라스오창주식회사,2023,사업장,유리,11815.0,246.0,㈜디엔브이비즈니스어슈어런스코리아,
925,환경부,에이지씨화인테크노한국주식회사,2023,업체,유리 및 유리제품 제조업,197984.0,3984.0,㈜디엔브이비즈니스어슈어런스코리아,
926,산업통상자원부,에이치디 현대건설기계(주),2023,사업장,기계,13223.0,194.0,㈜디엔브이비즈니스어슈어런스코리아,
927,산업통상자원부,에이치디 현대건설기계(주),2023,사업장,기계,13223.0,194.0,㈜디엔브이비즈니스어슈어런스코리아,
928,국토교통부,에이치디씨리조트(주),2023,사업장,건물,15057.0,305.0,한국표준협회,
929,국토교통부,에이치디씨리조트(주),2023,사업장,건물,15057.0,305.0,한국표준협회,
930,국토교통부,에이치디씨아이파크몰 주식회사,2023,사업장,건물,19691.0,406.0,(주)한국경영인증원,
931,국토교통부,에이치디씨아이파크몰 주식회사,2023,사업장,건물,19691.0,406.0,(주)한국경영인증원,
932,산업통상자원부,에이치디씨폴리올(주),2023,사업장,석유화학,35085.0,588.0,한국표준협회,
933,산업통상자원부,에이치디씨폴리올(주),2023,사업장,석유화학,35086.0,588.0,한국표준협회,
934,산업통상자원부,에이치디씨현대이피 주식회사,2023,사업장,석유화학,22948.0,423.0,한국표준협회,
935,산업통상자원부,에이치디씨현대이피 주식회사,2023,사업장,석유화학,22948.0,423.0,한국표준협회,
936,환경부,에이치디현대에너지솔루션(주),2023,사업장,반도체 제조업,41779.0,780.0,(주)한국경영인증원,
937,환경부,에이치디현대오씨아이 주식회사,2023,업체,기초 화학물질 제조업,368689.0,4215.0,(재)한국품질재단,
938,환경부,에이치디현대인프라코어(주),2023,사업장,특수 목적용 기계 제조업,94451.0,1829.0,지속가능인증원주식회사,
939,환경부,에이치디현대일렉트릭(주),2023,사업장,"전동기, 발전기 및 전기 변환ㆍ공급ㆍ제어 장치 제조업",35941.0,738.0,㈜디엔브이비즈니스어슈어런스코리아,
940,환경부,에이치디현대중공업 주식회사,2023,업체,선박 및 보트 건조업,639878.0,11284.0,한국표준협회,
941,환경부,에이치디현대케미칼주식회사,2023,업체,기초 화학물질 제조업,2146776.0,39323.0,(재)한국품질재단,
942,환경부,에이치에스지성동조선 주식회사,2023,사업장,선박 및 보트 건조업,46136.0,866.0,한국표준협회,
943,환경부,에이치엘만도 주식회사,2023,사업장,자동차 신품 부품 제조업,70598.0,1475.0,(주)비에스아이그룹코리아,
944,환경부,에이치엘비에너지㈜,2023,사업장,폐기물,31771.0,78.0,(재)한국품질재단,
945,환경부,에이치엘비에너지㈜,2023,사업장,폐기물,31771.0,78.0,(재)한국품질재단,
946,해양수산부,에이치엠엠피에스에이신항만(주),2023,사업장,항만,28561.0,572.0,로이드인증원㈜,
947,해양수산부,에이치엠엠피에스에이신항만(주),2023,사업장,항만,28561.0,572.0,로이드인증원㈜,
948,환경부,에코비트에너지정세,2023,업체,폐기물,70701.0,487.0,한국표준협회,
949,환경부,에코비트에너지정세,2023,업체,폐기물,70701.0,487.0,한국표준협회,
950,산업통상자원부,에코플라스틱(주),2023,사업장,자동차,17728.0,366.0,(재)한국품질재단,
951,산업통상자원부,에코플라스틱(주),2023,사업장,자동차,17728.0,366.0,(재)한국품질재단,
952,환경부,엘앤에프,2023,사업장,전자 부품 제조업,151192.0,3057.0,(재)한국품질재단,
953,산업통상자원부,엘에스메탈 주식회사,2023,사업장,비철금속,21168.0,440.0,(주)한국경영인증원,
954,산업통상자원부,엘에스메탈 주식회사,2023,사업장,비철금속,21168.0,440.0,(주)한국경영인증원,
955,환경부,엘에스엠앤엠 주식회사,2023,업체,1차 비철금속 제조업,508660.0,8606.0,한국표준협회,
956,산업통상자원부,엘에스일렉트릭(주),2023,사업장,전기전자,18486.0,384.0,(주)한국경영인증원,
957,산업통상자원부,엘에스일렉트릭(주),2023,사업장,전기전자,18486.0,384.0,(주)한국경영인증원,
958,환경부,엘에스전선 주식회사,2023,업체,절연선 및 케이블 제조업,106681.0,2163.0,㈜한국품질보증원,
959,환경부,엘지디스플레이(주),2023,업체,전자 부품 제조업,3492475.0,55114.0,㈜디엔브이비즈니스어슈어런스코리아,
960,산업통상자원부,엘지마그나 이파워트레인 주식회사,2023,사업장,자동차,20177.0,420.0,(주)비에스아이그룹코리아,
961,산업통상자원부,엘지마그나 이파워트레인 주식회사,2023,사업장,자동차,20177.0,420.0,(주)비에스아이그룹코리아,
962,환경부,엘지유플러스(주),2023,업체,전기 통신업,1475170.0,30810.0,한국표준협회,
963,환경부,엘지이노텍 주식회사,2023,업체,전자 부품 제조업,403790.0,8495.0,(주)비에스아이그룹코리아,
964,환경부,엘지전자 주식회사,2023,업체,반도체 제조업,246433.0,5314.0,㈜디엔브이비즈니스어슈어런스코리아,
965,환경부,엠이엠씨코리아주식회사,2023,사업장,반도체 제조업,111356.0,2349.0,(주)신화엔지니어링종합건축사사무소,
966,환경부,여수시,2023,업체,지정외 폐기물처리업 등,73442.0,763.0,지속가능인증원주식회사,
967,환경부,여수시,2023,업체,지정외 폐기물처리업 등,73442.0,763.0,지속가능인증원주식회사,
968,환경부,여천엔씨씨 주식회사,2023,업체,기초 화학물질 제조업,3582493.0,69070.0,(재)한국품질재단,
969,환경부,연천군,2023,사업장,폐기물,21312.0,28.0,(재)한국품질재단,
970,환경부,연천군,2023,사업장,폐기물,21312.0,28.0,(재)한국품질재단,
971,산업통상자원부,영보화학(주),2023,사업장,석유화학,12126.0,231.0,(주)한국경영인증원,
972,산업통상자원부,영보화학(주),2023,사업장,석유화학,12126.0,231.0,(주)한국경영인증원,
973,해양수산부,영우해운(주),2023,사업장,교통(해운),10409.0,146.0,한국표준협회,
974,해양수산부,영우해운(주),2023,사업장,교통(해운),10409.0,146.0,한국표준협회,
975,환경부,영주시,2023,사업장,폐기물 처리업,25776.0,6.0,(재)한국품질재단,
976,환경부,영주시,2023,사업장,폐기물 처리업,25776.0,6.0,(재)한국품질재단,
977,환경부,영풍전자(주),2023,사업장,전자 부품 제조업,81875.0,1658.0,(주)한국경영인증원,
978,환경부,영풍제지(주),2023,사업장,"펄프, 종이 및 판지 제조업",91010.0,1181.0,한국표준협회,
979,환경부,영화금속(주),2023,사업장,금속 주조업,80900.0,1156.0,한국표준협회,
980,환경부,오뚜기라면 주식회사,2023,업체,기타 식품 제조업,45725.0,920.0,(주)비에스아이그룹코리아,
981,환경부,오라이온코리아 주식회사,2023,업체,기초 화학물질 제조업,424727.0,742.0,㈜디엔브이비즈니스어슈어런스코리아,
982,환경부,오비맥주(주),2023,사업장,알코올 음료 제조업,92625.0,1944.0,(주)한국경영인증원,
983,환경부,오산시,2023,사업장,하수처리업,19642.0,272.0,㈜한국품질보증원,
984,환경부,오산시,2023,사업장,하수처리업,19642.0,272.0,㈜한국품질보증원,
985,산업통상자원부,오성연료전지 주식회사,2023,사업장,발전에너지,36466.0,0.0,한국표준협회,
986,산업통상자원부,오성연료전지 주식회사,2023,사업장,발전에너지,36466.0,0.0,한국표준협회,
987,환경부,오씨아이주식회사,2023,업체,기타 화학제품 제조업,1164209.0,18039.0,㈜디엔브이비즈니스어슈어런스코리아,
988,환경부,오씨아이홀딩스 주식회사,2023,업체,기초 화학물질 제조업,1163.0,23.0,㈜디엔브이비즈니스어슈어런스코리아,
989,농림축산식품부,오케이에프음료(주),2023,사업장,음료제조업,19980.0,376.0,한국표준협회,
990,농림축산식품부,오케이에프음료(주),2023,사업장,음료제조업,19980.0,376.0,한국표준협회,
991,환경부,온세미컨덕터코리아(주),2023,업체,반도체 제조업,195764.0,2967.0,(주)비에스아이그룹코리아,
992,환경부,와이케이스틸(주),2023,업체,1차 철강 제조업,248073.0,4451.0,한국표준협회,
993,환경부,용남고속(주),2023,사업장,육상 여객 운송업,24545.0,426.0,(주)한국경영인증원,
994,환경부,용산화학(주),2023,사업장,기초 화학물질 제조업,111804.0,938.0,한국가스안전공사,
995,환경부,용인시,2023,업체,폐기물 처리업,178471.0,2006.0,㈜한국품질보증원,
996,산업통상자원부,우지막코리아(주),2023,사업장,요업,6793.0,138.0,한국표준협회,
997,산업통상자원부,우지막코리아(주),2023,사업장,요업,6793.0,138.0,한국표준협회,
998,환경부,우진환경개발(주),2023,사업장,폐기물 처리업,53661.0,774.0,㈜한국품질보증원,
999,환경부,울산과학기술원,2023,사업장,고등 교육기관,37403.0,776.0,한국표준협회,
1000,환경부,울산광역시,2023,업체,폐기물 처리업,324288.0,3100.0,㈜한국품질보증원,
1001,환경부,울산아로마틱스(주),2023,업체,기초 화학물질 제조업,432872.0,10073.0,㈜디엔브이비즈니스어슈어런스코리아,
1002,환경부,울산알루미늄 주식회사,2023,업체,1차 비철금속 제조업,151460.0,3076.0,(주)한국경영인증원,
1003,산업통상자원부,울산피피주식회사,2023,사업장,석유화학,41034.0,1087.0,(주)한국경영인증원,
1004,산업통상자원부,울산피피주식회사,2023,사업장,석유화학,41034.0,1087.0,(주)한국경영인증원,
1005,환경부,원주시,2023,사업장,"하수, 폐수 및 분뇨 처리업",62800.0,718.0,(재)한국화학융합시험연구원,
1006,환경부,위드인천에너지(주),2023,업체,"증기, 냉ㆍ온수 및 공기 조절 공급업",23073.0,483.0,(재)한국품질재단,
1007,환경부,유니온머티리얼(주),2023,사업장,"내화, 비내화 요업제품 제조업",38832.0,787.0,(재)한국품질재단,
1008,환경부,유니투스 주식회사,2023,업체,자동차 신품 부품 제조업,68181.0,1414.0,(재)한국품질재단,
1009,산업통상자원부,유성기업(주),2023,사업장,자동차,14327.0,294.0,(주)비에스아이그룹코리아,
1010,산업통상자원부,유성기업(주),2023,사업장,자동차,14327.0,294.0,(주)비에스아이그룹코리아,
1011,환경부,유한킴벌리 주식회사,2023,업체,"펄프, 종이 및 판지 제조업",191357.0,3865.0,(재)한국품질재단,
1012,환경부,유한회사 사조씨피케이,2023,업체,"곡물 가공품, 전분 및 전분제품 제조업",126734.0,2333.0,(재)한국품질재단,"""인그리디언코리아 유한회사"" 업체명 변경"
1013,환경부,유한회사 스태츠칩팩코리아,2023,사업장,반도체 제조업,72323.0,1505.0,(주)신화엔지니어링종합건축사사무소,
1014,산업통상자원부,유한회사 클라리오스델코,2023,사업장,전기전자,46094.0,954.0,(주)한국경영인증원,
1015,산업통상자원부,유한회사 클라리오스델코,2023,사업장,전기전자,46094.0,954.0,(주)한국경영인증원,
1016,환경부,율촌화학(주),2023,사업장,플라스틱 제품 제조업,84865.0,1572.0,(주)한국경영인증원,
1017,국토교통부,의료법인 길 의료재단,2023,사업장,건물,22479.0,461.0,(재)한국화학융합시험연구원,
1018,국토교통부,의료법인 길 의료재단,2023,사업장,건물,22479.0,461.0,(재)한국화학융합시험연구원,
1019,환경부,의정부시,2023,사업장,"하수, 폐수 및 분뇨 처리업",72306.0,719.0,㈜한국품질보증원,
1020,산업통상자원부,이건에너지(주),2023,사업장,산업단지,15513.0,2613.0,㈜한국품질보증원,
1021,산업통상자원부,이건에너지(주),2023,사업장,산업단지,15513.0,2613.0,㈜한국품질보증원,
1022,환경부,이구산업(주),2023,사업장,1차 비철금속 제조업,34607.0,713.0,한국생산성본부인증원(주),
1023,환경부,이누스 주식회사,2023,사업장,"내화, 비내화 요업제품 제조업",50392.0,900.0,한국표준협회,
1024,환경부,이도에코오산(주),2023,업체,폐기물,57085.0,34.0,(재)한국품질재단,
1025,환경부,이도에코오산(주),2023,업체,폐기물,57085.0,34.0,(재)한국품질재단,
1026,환경부,이도에코전주(주),2023,사업장,폐기물 처리업,45731.0,34.0,㈜한국품질보증원,
1027,환경부,이도에코전주(주),2023,사업장,폐기물 처리업,45731.0,34.0,㈜한국품질보증원,
1028,산업통상자원부,이래에이엠에스 주식회사,2023,사업장,자동차,26130.0,540.0,㈜한국품질보증원,
1029,산업통상자원부,이래에이엠에스 주식회사,2023,사업장,자동차,26130.0,540.0,㈜한국품질보증원,
1030,환경부,이스트만화이버코리아 주식회사,2023,사업장,화학섬유 제조업,37641.0,639.0,(주)한국경영인증원,
1031,환경부,이천시,2023,사업장,폐기물 처리업,124566.0,1094.0,㈜한국품질보증원,
1032,환경부,익산시,2023,사업장,폐기물 처리업,75533.0,598.0,㈜한국품질보증원,
1033,환경부,인제군,2023,사업장,폐기물,20256.0,29.0,(주)한국경영인증원,
1034,환경부,인제군,2023,사업장,폐기물,20256.0,29.0,(주)한국경영인증원,
1035,환경부,인천공항에너지,2023,업체,"증기, 냉ㆍ온수 및 공기 조절 공급업",212737.0,4221.0,㈜한국품질보증원,
1036,환경부,인천광역시,2023,업체,폐기물 처리업,400718.0,4989.0,(재)한국품질재단,
1037,환경부,인천교통공사,2023,사업장,육상 여객 운송업,114361.0,2358.0,한국표준협회,
1038,환경부,인천국제공항공사,2023,업체,기타 운송관련 서비스업,245143.0,4721.0,한국표준협회,
1039,산업통상자원부,인천연료전지(주),2023,업체,발전에너지,162666.0,23.0,(주)한국경영인증원,
1040,산업통상자원부,인천연료전지(주),2023,업체,발전에너지,162666.0,23.0,(주)한국경영인증원,
1041,환경부,인천종합에너지(주),2023,업체,"증기, 냉ㆍ온수 및 공기 조절 공급업",375972.0,7549.0,㈜디엔브이비즈니스어슈어런스코리아,
1042,환경부,인터지스(주),2023,사업장,도로 화물 운송업,32986.0,490.0,(주)한국경영인증원,
1043,산업통상자원부,인프라에어홀딩스 주식회사,2023,업체,석유화학,248472.0,5191.0,한국표준협회,
1044,산업통상자원부,인프라에어홀딩스 주식회사,2023,업체,석유화학,248472.0,5191.0,한국표준협회,
1045,농림축산식품부,일산실업(주) 칠서에탄올공장,2023,사업장,음료제조업,8100.0,390.0,한국표준협회,
1046,농림축산식품부,일산실업(주) 칠서에탄올공장,2023,사업장,음료제조업,8100.0,390.0,한국표준협회,
1047,해양수산부,일신로지스틱스주식회사,2023,사업장,교통(해운),16187.0,237.0,㈜디엔브이비즈니스어슈어런스코리아,
1048,해양수산부,일신로지스틱스주식회사,2023,사업장,교통(해운),16187.0,237.0,㈜디엔브이비즈니스어슈어런스코리아,
1049,환경부,일신방직(주),2023,사업장,방적 및 가공사 제조업,50724.0,1060.0,로이드인증원㈜,
1050,환경부,일진디스플레이(주),2023,사업장,전자 부품 제조업,12202.0,254.0,한국표준협회,
1051,환경부,일진제강(주),2023,사업장,1차 철강 제조업,51635.0,1046.0,한국표준협회,
1052,환경부,재단법인 대구경북과학기술원,2023,사업장,고등 교육기관,30361.0,612.0,한국표준협회,
1053,환경부,재단법인 아산사회복지재단,2023,사업장,병원,99532.0,2002.0,한국표준협회,
1054,환경부,재원산업,2023,사업장,기초 화학물질 제조업,22608.0,581.0,(재)한국품질재단,
1055,환경부,전기초자코리아(주),2023,업체,유리 및 유리제품 제조업,34307.0,697.0,한국표준협회,
1056,환경부,전남대학교,2023,사업장,고등 교육기관,36057.0,729.0,한국표준협회,
1057,산업통상자원부,전방(주),2023,업체,섬유,35256.0,733.0,(주)한국경영인증원,
1058,산업통상자원부,전방(주),2023,업체,섬유,35256.0,733.0,(주)한국경영인증원,
1059,환경부,전북대학교,2023,사업장,고등 교육기관,35859.0,739.0,(주)한국경영인증원,
1060,국토교통부,전북대학교병원,2023,사업장,건물,22519.0,461.0,(재)한국화학융합시험연구원,
1061,국토교통부,전북대학교병원,2023,사업장,건물,22519.0,461.0,(재)한국화학융합시험연구원,
1062,환경부,전북집단에너지 주식회사,2023,업체,"증기, 냉ㆍ온수 및 공기 조절 공급업",191154.0,2228.0,로이드인증원㈜,
1063,환경부,전주시,2023,업체,폐기물 처리업,177894.0,1839.0,㈜한국품질보증원,
1064,국토교통부,전차연물류(주),2023,사업장,교통(화물),17357.0,246.0,㈜한국품질보증원,
1065,국토교통부,전차연물류(주),2023,사업장,교통(화물),17357.0,246.0,㈜한국품질보증원,
1066,환경부,제이비 주식회사,2023,사업장,"증기, 냉ㆍ온수 및 공기 조절 공급업",24507.0,595.0,(재)한국품질재단,
1067,환경부,제이셋스태츠칩팩코리아(유),2023,사업장,반도체 제조업,89434.0,1864.0,(주)신화엔지니어링종합건축사사무소,
1068,환경부,제주특별자치도,2023,업체,폐기물 처리업,385683.0,3439.0,한국표준협회,
1069,환경부,제주특별자치도개발공사,2023,사업장,비알코올 음료 및 얼음 제조업,32104.0,645.0,한국표준협회,
1070,환경부,제주항공(주),2023,업체,항공 여객 운송업,228974.0,3283.0,(재)한국화학융합시험연구원,
1071,환경부,제천시,2023,사업장,"하수, 폐수 및 분뇨 처리업",53681.0,341.0,(재)한국품질재단,
1072,산업통상자원부,조선내화(주),2023,사업장,요업,19329.0,370.0,(재)한국품질재단,
1073,산업통상자원부,조선내화(주),2023,사업장,요업,19329.0,370.0,(재)한국품질재단,
1074,국토교통부,조선대학교,2023,사업장,건물,14888.0,305.0,한국생산성본부인증원(주),
1075,국토교통부,조선대학교,2023,사업장,건물,14888.0,305.0,한국생산성본부인증원(주),
1076,환경부,조일알미늄 주식회사,2023,사업장,1차 비철금속 제조업,82972.0,1680.0,(재)한국품질재단,
1077,산업통상자원부,존슨일렉트릭오퍼레이션스(주),2023,사업장,자동차,16415.0,324.0,한국표준협회,
1078,산업통상자원부,존슨일렉트릭오퍼레이션스(주),2023,사업장,자동차,16415.0,324.0,한국표준협회,
1079,산업통상자원부,주성엔지니어링(주),2023,사업장,기계,3987.0,83.0,(재)한국품질재단,
1080,산업통상자원부,주성엔지니어링(주),2023,사업장,기계,3987.0,83.0,(재)한국품질재단,
1081,환경부,주식회사 GS구미열병합발전,2023,업체,"증기, 냉ㆍ온수 및 공기 조절 공급업",1058705.0,12014.0,(재)한국품질재단,
1082,환경부,주식회사 GS구미열병합발전,2023,업체,"증기, 냉ㆍ온수 및 공기 조절 공급업",1058705.0,12014.0,(재)한국품질재단,
1083,환경부,주식회사 GS반월열병합발전,2023,업체,"증기, 냉ㆍ온수 및 공기 조절 공급업",887504.0,10323.0,(재)한국품질재단,
1084,환경부,주식회사 GS반월열병합발전,2023,업체,"증기, 냉ㆍ온수 및 공기 조절 공급업",887504.0,10323.0,(재)한국품질재단,
1085,국토교통부,주식회사 경방,2023,사업장,건물,18160.0,375.0,한국생산성본부인증원(주),
1086,국토교통부,주식회사 경방,2023,사업장,건물,18160.0,375.0,한국생산성본부인증원(주),
1087,환경부,주식회사 고려시멘트,2023,업체,"시멘트, 석회, 플라스터 및 그 외 제품 제조업",317492.0,2010.0,한국표준협회,
1088,환경부,주식회사 고려제지,2023,업체,"펄프, 종이 및 판지 제조업",130657.0,3650.0,(주)한국경영인증원,
1089,국토교통부,주식회사 국민은행,2023,업체,건물,93481.0,1504.0,한국표준협회,
1090,국토교통부,주식회사 국민은행,2023,업체,건물,93481.0,1504.0,한국표준협회,
1091,환경부,주식회사 그린바이로,2023,사업장,지정외 폐기물처리업,74968.0,16.0,한국표준협회,
1092,환경부,주식회사 그린바이로,2023,사업장,지정외 폐기물처리업,74968.0,16.0,한국표준협회,
1093,환경부,주식회사 그린밸리,2023,사업장,폐기물,38478.0,23.0,㈜한국품질보증원,
1094,환경부,주식회사 그린밸리,2023,사업장,폐기물,38478.0,23.0,㈜한국품질보증원,"""㈜이앤컴퍼니"" 업체명 변경"
1095,국토교통부,주식회사 남성버스,2023,사업장,교통(여객),16395.0,308.0,(주)한국경영인증원,
1096,국토교통부,주식회사 남성버스,2023,사업장,교통(여객),16395.0,308.0,(주)한국경영인증원,
1097,산업통상자원부,주식회사 녹수,2023,사업장,석유화학,25614.0,516.0,로이드인증원㈜,
1098,산업통상자원부,주식회사 녹수,2023,사업장,석유화학,25614.0,516.0,로이드인증원㈜,
1099,환경부,주식회사 농심,2023,업체,기타 식품 제조업,183130.0,3623.0,한국표준협회,
1100,환경부,주식회사 뉴그린,2023,업체,폐기물 처리업,110785.0,230.0,(주)한국경영인증원,
1101,환경부,주식회사 대륜발전,2023,업체,"증기, 냉ㆍ온수 및 공기 조절 공급업",668733.0,13253.0,한국표준협회,
1102,환경부,주식회사 대유글로벌,2023,사업장,자동차 신품 부품 제조업,36187.0,740.0,(재)한국품질재단,
1103,국토교통부,주식회사 대전신세계,2023,사업장,건물,22161.0,460.0,(주)한국경영인증원,
1104,국토교통부,주식회사 대전신세계,2023,사업장,건물,22161.0,460.0,(주)한국경영인증원,
1105,환경부,주식회사 대창,2023,사업장,1차 비철금속 제조업,31844.0,654.0,한국가스안전공사,
1106,환경부,주식회사 대한세라믹스,2023,사업장,"내화, 비내화 요업제품 제조업",39660.0,729.0,(주)한국경영인증원,
1107,환경부,주식회사 대호에이엘,2023,사업장,1차 비철금속 제조업,30266.0,612.0,(주)한국경영인증원,
1108,환경부,주식회사 더블유티씨서울,2023,사업장,부동산 임대 및 공급업,56136.0,1158.0,(주)한국경영인증원,
1109,환경부,주식회사 덕양에너젠,2023,업체,기초 화학물질 제조업,29057.0,602.0,지속가능인증원주식회사,
1110,국토교통부,주식회사 동부고속,2023,사업장,교통(여객),22747.0,333.0,(주)한국경영인증원,
1111,국토교통부,주식회사 동부고속,2023,사업장,교통(여객),22747.0,333.0,(주)한국경영인증원,
1112,환경부,주식회사 동성케미컬,2023,사업장,기초 화학물질 제조업,32141.0,624.0,한국생산성본부인증원(주),
1113,산업통상자원부,주식회사 동아,2023,사업장,기계,21122.0,437.0,한국표준협회,
1114,산업통상자원부,주식회사 동아,2023,사업장,기계,21122.0,437.0,한국표준협회,
1115,환경부,주식회사 디비메탈,2023,업체,1차 철강 제조업,547624.0,6269.0,(재)한국품질재단,
1116,환경부,주식회사 디비하이텍,2023,업체,반도체 제조업,271448.0,3956.0,(주)비에스아이그룹코리아,
1117,국토교통부,주식회사 디앤오,2023,사업장,건물,16604.0,339.0,(재)한국품질재단,
1118,국토교통부,주식회사 디앤오,2023,사업장,건물,16604.0,339.0,(재)한국품질재단,
1119,환경부,주식회사 디에스단석,2023,사업장,1차 비철금속 제조업,80850.0,1568.0,한국표준협회,
1120,산업통상자원부,주식회사 디엔 오토모티브,2023,사업장,전기전자,18582.0,386.0,한국표준협회,
1121,산업통상자원부,주식회사 디엔 오토모티브,2023,사업장,전기전자,18582.0,386.0,한국표준협회,
1122,산업통상자원부,주식회사 메타즈,2023,사업장,기계,10564.0,218.0,㈜한국품질보증원,
1123,산업통상자원부,주식회사 메타즈,2023,사업장,기계,10564.0,218.0,㈜한국품질보증원,
1124,환경부,주식회사 명성,2023,사업장,육상 여객 운송업,23481.0,393.0,(주)한국경영인증원,
1125,환경부,주식회사 명성환경,2023,사업장,폐기물 처리업,17.0,279.0,(주)한국경영인증원,
1126,국토교통부,주식회사 무주덕유산리조트,2023,사업장,건물,16508.0,305.0,(주)한국경영인증원,
1127,국토교통부,주식회사 무주덕유산리조트,2023,사업장,건물,16508.0,305.0,(주)한국경영인증원,
1128,국토교통부,주식회사 문화방송,2023,사업장,건물,16148.0,350.0,(주)한국경영인증원,
1129,국토교통부,주식회사 문화방송,2023,사업장,건물,16148.0,350.0,(주)한국경영인증원,
1130,환경부,주식회사 범우,2023,사업장,폐기물 처리업,86077.0,76.0,한국표준협회,
1131,환경부,주식회사 베어링아트,2023,사업장,자동차 신품 부품 제조업,61047.0,1263.0,한국표준협회,
1132,환경부,주식회사 삼기,2023,사업장,자동차 신품 부품 제조업,65830.0,1264.0,(주)한국경영인증원,
1133,환경부,주식회사 삼보광업,2023,업체,"시멘트, 석회, 플라스터 및 그 외 제품 제조업",157529.0,401.0,한국생산성본부인증원(주),
1134,환경부,주식회사 삼양사,2023,업체,"곡물 가공품, 전분 및 전분제품 제조업",260575.0,6152.0,한국표준협회,
1135,환경부,주식회사 삼양패키징,2023,업체,플라스틱 제품 제조업,135941.0,2866.0,한국표준협회,
1136,환경부,주식회사 삼영,2023,사업장,플라스틱 제품 제조업,29751.0,610.0,한국표준협회,
1137,국토교통부,주식회사 서부티엔디,2023,사업장,건물,21029.0,432.0,한국표준협회,
1138,국토교통부,주식회사 서부티엔디,2023,사업장,건물,21029.0,432.0,한국표준협회,
1139,환경부,주식회사 세아베스틸,2023,업체,1차 철강 제조업,1182414.0,18542.0,한국표준협회,
1140,환경부,주식회사 세아베스틸지주,2023,업체,1차 철강 제조업,467.0,9.0,한국표준협회,
1141,환경부,주식회사 세아창원특수강,2023,업체,1차 철강 제조업,455763.0,8330.0,한국표준협회,
1142,환경부,주식회사 세진메탈,2023,사업장,1차 비철금속 제조업,43257.0,692.0,(주)한국경영인증원,
1143,환경부,주식회사 소노인터내셔널,2023,사업장,일반 및 생활 숙박시설 운영업,138824.0,2942.0,(주)한국경영인증원,
1144,환경부,주식회사 수석,2023,사업장,유리 및 유리제품 제조업,44995.0,767.0,(주)한국경영인증원,
1145,환경부,주식회사 스타필드고양,2023,사업장,부동산 임대 및 공급업,26746.0,608.0,㈜한국품질보증원,
1146,국토교통부,주식회사 스타필드안성,2023,사업장,건물,17633.0,364.0,한국표준협회,
1147,국토교통부,주식회사 스타필드안성,2023,사업장,건물,17633.0,364.0,한국표준협회,
1148,환경부,주식회사 스타필드하남,2023,사업장,부동산 임대 및 공급업,25608.0,533.0,㈜한국품질보증원,
1149,국토교통부,주식회사 신세계동대구복합환승센터,2023,사업장,건물,23388.0,486.0,(주)한국경영인증원,
1150,국토교통부,주식회사 신세계동대구복합환승센터,2023,사업장,건물,23388.0,486.0,(주)한국경영인증원,
1151,국토교통부,주식회사 신한은행,2023,업체,건물,72193.0,1178.0,㈜디엔브이비즈니스어슈어런스코리아,
1152,국토교통부,주식회사 신한은행,2023,업체,건물,72193.0,1178.0,㈜디엔브이비즈니스어슈어런스코리아,
1153,환경부,주식회사 심텍,2023,사업장,전자 부품 제조업,104764.0,2150.0,㈜디엔브이비즈니스어슈어런스코리아,
1154,환경부,주식회사 심팩인더스트리,2023,업체,1차 철강 제조업,46224.0,965.0,(재)한국품질재단,
1155,산업통상자원부,주식회사 아이유제지,2023,사업장,제지,19422.0,290.0,(주)한국경영인증원,
1156,산업통상자원부,주식회사 아이유제지,2023,사업장,제지,19422.0,290.0,(주)한국경영인증원,
1157,환경부,주식회사 알테크노메탈,2023,사업장,금속 주조업,44703.0,746.0,(주)한국경영인증원,
1158,산업통상자원부,주식회사 알트론김제,2023,사업장,자동차,15098.0,290.0,지속가능인증원주식회사,
1159,산업통상자원부,주식회사 알트론김제,2023,사업장,자동차,15098.0,290.0,지속가능인증원주식회사,
1160,환경부,주식회사 알트론전주,2023,사업장,자동차 신품 부품 제조업,33439.0,642.0,지속가능인증원주식회사,
1161,환경부,주식회사 에너지네트웍,2023,업체,폐기물 처리업,173204.0,412.0,(주)한국경영인증원,
1162,환경부,주식회사 에스알,2023,업체,철도 운송업,162106.0,3387.0,(주)비에스아이그룹코리아,
1163,환경부,주식회사 에스에프에이반도체,2023,사업장,반도체 제조업,28393.0,573.0,(주)신화엔지니어링종합건축사사무소,
1164,환경부,주식회사 에스엔엔씨,2023,업체,1차 비철금속 제조업,1416717.0,15144.0,(재)한국품질재단,
1165,환경부,주식회사 에스피씨삼립,2023,사업장,기타 식품 제조업,96085.0,1981.0,(주)비에스아이그룹코리아,
1166,환경부,주식회사 에스피에스엔에이,2023,사업장,"시멘트, 석회, 플라스터 및 그 외 제품 제조업",42987.0,878.0,(재)한국품질재단,
1167,환경부,주식회사 에쓰큐씨,2023,업체,"시멘트, 석회, 플라스터 및 그 외 제품 제조업",0.0,0.0,(주)신화엔지니어링종합건축사사무소,
1168,환경부,주식회사 에어퍼스트,2023,업체,기초 화학물질 제조업,654168.0,13452.0,한국가스안전공사,
1169,산업통상자원부,주식회사 에이팩트,2023,사업장,전기전자,27695.0,576.0,한국표준협회,
1170,산업통상자원부,주식회사 에이팩트,2023,사업장,전기전자,27695.0,576.0,한국표준협회,
1171,산업통상자원부,주식회사 에이프로젠바이오로직스,2023,사업장,석유화학,21973.0,451.0,로이드인증원㈜,
1172,산업통상자원부,주식회사 에이프로젠바이오로직스,2023,사업장,석유화학,21973.0,451.0,로이드인증원㈜,
1173,환경부,주식회사 에코라임,2023,업체,"시멘트, 석회, 플라스터 및 그 외 제품 제조업",107704.0,654.0,(주)신화엔지니어링종합건축사사무소,
1174,환경부,주식회사 에코비트에너지명성,2023,업체,폐기물 처리업,37291.0,48.0,(주)한국경영인증원,
1175,환경부,주식회사 에코비트에너지울산,2023,사업장,"증기, 냉ㆍ온수 및 공기 조절 공급업",89865.0,1068.0,한국표준협회,
1176,환경부,주식회사 에코이앤이,2023,사업장,폐기물 처리업,45149.0,27.0,한국표준협회,
1177,환경부,주식회사 에코이앤이,2023,사업장,폐기물 처리업,45149.0,27.0,한국표준협회,
1178,산업통상자원부,주식회사 에코프로이엠,2023,사업장,전기전자,116425.0,2432.0,(주)한국경영인증원,
1179,산업통상자원부,주식회사 에코프로이엠,2023,사업장,전기전자,116425.0,2432.0,(주)한국경영인증원,
1180,산업통상자원부,주식회사 엘비루셈,2023,사업장,반도체,21079.0,439.0,(재)한국품질재단,
1181,산업통상자원부,주식회사 엘비루셈,2023,사업장,반도체,21079.0,439.0,(재)한국품질재단,
1182,환경부,주식회사 엘엑스하우시스,2023,업체,플라스틱 제품 제조업,111501.0,2240.0,㈜디엔브이비즈니스어슈어런스코리아,
1183,환경부,주식회사 엘지에너지솔루션,2023,업체,일차전지 및 축전지 제조업,376451.0,8123.0,(재)한국품질재단,
1184,환경부,주식회사 엘지화학,2023,업체,기초 화학물질 제조업,8129057.0,155577.0,(재)한국품질재단,
1185,환경부,주식회사 영풍,2023,업체,1차 비철금속 제조업,1109762.0,18984.0,(재)한국품질재단,
1186,환경부,주식회사 영흥산업환경,2023,사업장,폐기물 처리업,128979.0,642.0,㈜한국품질보증원,
1187,국토교통부,주식회사 우리은행,2023,업체,건물,72501.0,1116.0,㈜디엔브이비즈니스어슈어런스코리아,
1188,국토교통부,주식회사 우리은행,2023,업체,건물,72501.0,1116.0,㈜디엔브이비즈니스어슈어런스코리아,
1189,환경부,주식회사 윈팩,2023,사업장,반도체 제조업,23960.0,498.0,한국표준협회,
1190,환경부,주식회사 유니드,2023,업체,기초 화학물질 제조업,285162.0,7132.0,로이드인증원㈜,
1191,환경부,주식회사 유니드비티플러스,2023,업체,나무제품 제조업,48546.0,1940.0,로이드인증원㈜,
1192,환경부,주식회사 유니큰,2023,업체,폐기물 처리업,88277.0,611.0,지속가능인증원주식회사,
1193,환경부,주식회사 이랜드리테일,2023,업체,종합 소매업,156824.0,3253.0,한국표준협회,
1194,환경부,주식회사 이엠케이승경,2023,사업장,폐기물 처리업,47379.0,492.0,(주)한국경영인증원,
1195,환경부,주식회사 전주원파워,2023,사업장,전기업,42211.0,6052.0,한국표준협회,
1196,환경부,주식회사 전주페이퍼,2023,업체,"펄프, 종이 및 판지 제조업",523240.0,9899.0,한국표준협회,
1197,환경부,주식회사 정선라임,2023,사업장,"시멘트, 석회, 플라스터 및 그 외 제품 제조업",61762.0,211.0,한국표준협회,
1198,환경부,주식회사 지알엠,2023,사업장,1차 비철금속 제조업,83241.0,962.0,한국표준협회,
1199,환경부,주식회사 지에스이앤알,2023,업체,"증기, 냉ㆍ온수 및 공기 조절 공급업",1946859.0,12.0,(재)한국품질재단,
1200,환경부,주식회사 지에스포천그린에너지,2023,업체,"증기, 냉ㆍ온수 및 공기 조절 공급업",1051930.0,13419.0,㈜디엔브이비즈니스어슈어런스코리아,
1201,환경부,주식회사 진로발효,2023,사업장,알코올 음료 제조업,30581.0,763.0,(재)한국품질재단,
1202,환경부,주식회사 진에어,2023,업체,항공 여객 운송업,224824.0,3218.0,한국표준협회,
1203,환경부,주식회사 카프로,2023,업체,기초 화학물질 제조업,143088.0,875.0,(재)한국품질재단,
1204,환경부,주식회사 케이씨씨글라스,2023,업체,유리 및 유리제품 제조업,730329.0,9673.0,(재)한국품질재단,
1205,환경부,주식회사 케이씨씨실리콘,2023,업체,기초 화학물질 제조업,98302.0,1636.0,(재)한국품질재단,
1206,환경부,주식회사 케이티,2023,업체,전기 통신업,1127466.0,23242.0,㈜한국품질보증원,
1207,환경부,주식회사 케이티클라우드,2023,업체,"자료 처리, 호스팅, 포털 및 기타 인터넷 정보 매개 서비스업",330877.0,7057.0,㈜한국품질보증원,
1208,환경부,주식회사 케이피에프,2023,사업장,기타 금속 가공제품 제조업,44995.0,929.0,(주)한국경영인증원,
1209,산업통상자원부,주식회사 케이피이그린에너지,2023,사업장,발전에너지,62453.0,9.0,한국표준협회,
1210,산업통상자원부,주식회사 케이피이그린에너지,2023,사업장,발전에너지,62453.0,9.0,한국표준협회,
1211,산업통상자원부,주식회사 켐트로닉스,2023,사업장,디스플레이,15361.0,320.0,한국표준협회,
1212,산업통상자원부,주식회사 켐트로닉스,2023,사업장,디스플레이,15361.0,320.0,한국표준협회,
1213,환경부,주식회사 코리아에어텍,2023,사업장,기초 화학물질 제조업,56634.0,1182.0,한국가스안전공사,
1214,환경부,주식회사 코엔텍,2023,업체,폐기물 처리업,325970.0,526.0,한국표준협회,
1215,환경부,주식회사 태경비케이,2023,업체,"시멘트, 석회, 플라스터 및 그 외 제품 제조업",618225.0,2547.0,(주)한국경영인증원,
1216,환경부,주식회사 태영이엠씨,2023,업체,"시멘트, 석회, 플라스터 및 그 외 제품 제조업",141107.0,748.0,한국표준협회,
1217,환경부,주식회사 티웨이항공,2023,업체,항공 여객 운송업,199955.0,2866.0,(재)한국화학융합시험연구원,
1218,환경부,주식회사 파라다이스세가사미,2023,사업장,일반 및 생활 숙박시설 운영업,34730.0,717.0,한국표준협회,
1219,환경부,주식회사 팜한농,2023,업체,"비료, 농약 및 살균ㆍ살충제 제조업",101492.0,1393.0,한국표준협회,
1220,산업통상자원부,주식회사 페트로코너지,2023,사업장,발전에너지,22283.0,1.0,(재)한국품질재단,
1221,산업통상자원부,주식회사 페트로코너지,2023,사업장,발전에너지,22283.0,1.0,(재)한국품질재단,
1222,환경부,주식회사 포스코,2023,업체,1차 철강 제조업,71971881.0,372059.0,(재)한국품질재단,
1223,환경부,주식회사 포스코모빌리티솔루션,2023,사업장,1차 철강 제조업,58802.0,1200.0,㈜디엔브이비즈니스어슈어런스코리아,
1224,환경부,주식회사 포스코엠씨머티리얼즈,2023,사업장,기초 화학물질 제조업,92275.0,1357.0,(재)한국품질재단,
1225,환경부,주식회사 포스코인터내셔널,2023,업체,전기업,4218056.0,83814.0,(재)한국품질재단,
1226,환경부,주식회사 포스코퓨처엠,2023,업체,"시멘트, 석회, 플라스터 및 그 외 제품 제조업",2388829.0,17757.0,(재)한국품질재단,
1227,환경부,주식회사 풍산,2023,업체,1차 비철금속 제조업,224240.0,4600.0,한국표준협회,
1228,산업통상자원부,주식회사 피앤오케미칼,2023,사업장,석유화학,50747.0,926.0,(재)한국품질재단,
1229,산업통상자원부,주식회사 피앤오케미칼,2023,사업장,석유화학,50747.0,926.0,(재)한국품질재단,
1230,환경부,주식회사 피에스엠,2023,사업장,기타 금속 가공제품 제조업,21515.0,411.0,로이드인증원㈜,
1231,환경부,주식회사 피엔알,2023,업체,"해체, 선별 및 원료 재생업",134728.0,1743.0,(재)한국품질재단,
1232,산업통상자원부,주식회사 피케이엘,2023,사업장,전기전자,15821.0,325.0,(주)한국경영인증원,
1233,산업통상자원부,주식회사 피케이엘,2023,사업장,전기전자,15821.0,325.0,(주)한국경영인증원,
1234,국토교통부,주식회사 하나은행,2023,업체,건물,64830.0,977.0,한국표준협회,
1235,국토교통부,주식회사 하나은행,2023,업체,건물,64830.0,977.0,한국표준협회,
1236,환경부,주식회사 하이호휠,2023,사업장,자동차 신품 부품 제조업,27970.0,567.0,지속가능인증원주식회사,
1237,환경부,주식회사 한국알스트롬,2023,사업장,"펄프, 종이 및 판지 제조업",41364.0,565.0,(재)한국품질재단,"""주식회사 한국알스트롬뭉쇼"" 업체명 변경"
1238,환경부,주식회사 호텔롯데,2023,업체,일반 및 생활 숙박시설 운영업,154040.0,3145.0,(주)한국경영인증원,
1239,국토교통부,주식회사 호텔신라,2023,사업장,건물,21390.0,436.0,한국표준협회,
1240,국토교통부,주식회사 호텔신라,2023,사업장,건물,21390.0,436.0,한국표준협회,
1241,환경부,주식회사 효성,2023,사업장,기타 섬유제품 제조업,29804.0,611.0,㈜디엔브이비즈니스어슈어런스코리아,
1242,환경부,주식회사 후성,2023,업체,기초 화학물질 제조업,219379.0,854.0,한국가스안전공사,
1243,환경부,주식회사 휴스틸,2023,사업장,1차 철강 제조업,30462.0,623.0,(주)신화엔지니어링종합건축사사무소,
1244,국토교통부,주식회사경기상운,2023,사업장,교통(여객),17273.0,303.0,(주)한국경영인증원,
1245,국토교통부,주식회사경기상운,2023,사업장,교통(여객),17273.0,303.0,(주)한국경영인증원,
1246,환경부,주식회사금강고속,2023,사업장,육상 여객 운송업,23041.0,333.0,한국표준협회,
1247,해양수산부,주식회사비엔씨티,2023,사업장,항만,35541.0,658.0,한국표준협회,
1248,해양수산부,주식회사비엔씨티,2023,사업장,항만,35541.0,658.0,한국표준협회,
1249,국토교통부,중소기업은행,2023,업체,건물,54947.0,795.0,한국표준협회,
1250,국토교통부,중소기업은행,2023,업체,건물,54947.0,795.0,한국표준협회,
1251,산업통상자원부,지에스에코메탈 주식회사,2023,사업장,비철금속,18471.0,254.0,대일이엔씨기술(주),
1252,산업통상자원부,지에스에코메탈 주식회사,2023,사업장,비철금속,18471.0,254.0,대일이엔씨기술(주),
1253,환경부,지에스이피에스,2023,업체,전기업,2895414.0,70658.0,로이드인증원㈜,
1254,환경부,지에스칼텍스 주식회사,2023,업체,석유 정제품 제조업,8485606.0,120538.0,(재)한국품질재단,
1255,국토교통부,지엠테크니컬센터코리아 주식회사,2023,사업장,건물,15880.0,323.0,한국표준협회,
1256,국토교통부,지엠테크니컬센터코리아 주식회사,2023,사업장,건물,15880.0,323.0,한국표준협회,
1257,환경부,진양특수강(주),2023,사업장,1차 철강 제조업,29224.0,584.0,한국표준협회,
1258,환경부,진영페이퍼 주식회사,2023,사업장,"펄프, 종이 및 판지 제조업",89759.0,863.0,(주)한국경영인증원,
1259,환경부,진주시,2023,사업장,폐기물 처리업,118930.0,622.0,지속가능인증원주식회사,
1260,환경부,진천군,2023,사업장,지정외 폐기물처리업,17529.0,157.0,한국표준협회,
1261,환경부,진천군,2023,사업장,지정외 폐기물처리업,17529.0,157.0,한국표준협회,
1262,환경부,창원시,2023,업체,폐기물 처리업,246229.0,2565.0,㈜한국품질보증원,
1263,환경부,천안시,2023,업체,폐기물 처리업,148022.0,1319.0,㈜한국품질보증원,
1264,국토교통부,천일정기화물자동차(주),2023,사업장,수송,20732.0,300.0,한국표준협회,
1265,국토교통부,천일정기화물자동차(주),2023,사업장,수송,20732.0,300.0,한국표준협회,
1266,환경부,천일제지(주),2023,사업장,"펄프, 종이 및 판지 제조업",59069.0,892.0,(주)한국경영인증원,
1267,환경부,청주시,2023,업체,폐기물 처리업,231067.0,1825.0,(재)한국품질재단,
1268,산업통상자원부,청주에코파크 주식회사,2023,사업장,발전에너지,60513.0,3.0,한국표준협회,
1269,산업통상자원부,청주에코파크 주식회사,2023,사업장,발전에너지,60513.0,3.0,한국표준협회,
1270,환경부,초당환경(유),2023,사업장,폐기물 처리업,23383.0,72.0,(재)한국품질재단,
1271,환경부,춘천시,2023,업체,폐기물 처리업,126959.0,683.0,(재)한국화학융합시험연구원,
1272,환경부,춘천에너지 주식회사,2023,업체,"증기, 냉ㆍ온수 및 공기 조절 공급업",814651.0,166.0,로이드인증원㈜,
1273,환경부,충남대학교,2023,사업장,고등 교육기관,29751.0,616.0,로이드인증원㈜,
1274,국토교통부,충남대학교병원,2023,사업장,건물,21654.0,448.0,한국표준협회,
1275,국토교통부,충남대학교병원,2023,사업장,건물,21654.0,448.0,한국표준협회,
1276,국토교통부,충북대학교,2023,사업장,건물,20829.0,406.0,한국표준협회,
1277,국토교통부,충북대학교,2023,사업장,건물,20829.0,406.0,한국표준협회,
1278,환경부,충주시,2023,사업장,폐기물 처리업,80819.0,727.0,한국표준협회,
1279,환경부,충청환경에너지(주),2023,사업장,폐기물 처리업,68421.0,107.0,(재)한국품질재단,
1280,산업통상자원부,컬러스앤이펙츠코리아(주),2023,사업장,석유화학,11071.0,348.0,(재)한국품질재단,
1281,산업통상자원부,컬러스앤이펙츠코리아(주),2023,사업장,석유화학,11071.0,348.0,(재)한국품질재단,
1282,산업통상자원부,케이브이머티리얼즈 주식회사,2023,사업장,유리,17416.0,443.0,로이드인증원㈜,
1283,산업통상자원부,케이브이머티리얼즈 주식회사,2023,사업장,유리,17416.0,443.0,로이드인증원㈜,
1284,환경부,케이씨글라스(주),2023,사업장,유리 및 유리제품 제조업,36745.0,601.0,(주)신화엔지니어링종합건축사사무소,
1285,환경부,케이씨씨,2023,업체,"시멘트, 석회, 플라스터 및 그 외 제품 제조업",637871.0,11914.0,(재)한국품질재단,
1286,환경부,케이씨주식회사,2023,업체,기초 화학물질 제조업,181514.0,2528.0,한국표준협회,
1287,환경부,케이씨환경서비스 주식회사,2023,업체,폐기물 처리업,264088.0,1725.0,(재)한국품질재단,
1288,환경부,케이알에너지(주),2023,사업장,"증기, 냉ㆍ온수 및 공기 조절 공급업",45241.0,475.0,한국표준협회,
1289,환경부,케이알코폴리머 유한회사,2023,사업장,합성고무 및 플라스틱 물질 제조업,27348.0,370.0,(주)한국경영인증원,
1290,산업통상자원부,케이에이에프 주식회사,2023,사업장,섬유,21637.0,383.0,한국표준협회,
1291,산업통상자원부,케이에이에프 주식회사,2023,사업장,섬유,21637.0,383.0,한국표준협회,
1292,환경부,케이엠씨해운 주식회사,2023,사업장,해상 운송업,46857.0,649.0,㈜디엔브이비즈니스어슈어런스코리아,
1293,환경부,케이오씨(주),2023,사업장,기초 화학물질 제조업,40469.0,968.0,(주)한국경영인증원,
1294,환경부,케이지모빌리티 주식회사,2023,업체,자동차용 엔진 및 자동차 제조업,115698.0,2337.0,㈜한국품질보증원,
1295,환경부,케이지스틸 주식회사,2023,업체,1차 철강 제조업,401511.0,8552.0,(재)한국품질재단,
1296,환경부,케이지이티에스 주식회사,2023,업체,폐기물 처리업,1761.0,31.0,로이드인증원㈜,
1297,환경부,케이지케미칼 주식회사,2023,사업장,"비료, 농약 및 살균ㆍ살충제 제조업",25315.0,413.0,(주)한국경영인증원,
1298,환경부,케이지케미칼 주식회사,2023,사업장,"비료, 농약 및 살균ㆍ살충제 제조업",25315.0,413.0,(주)한국경영인증원,
1299,환경부,코닝정밀소재 주식회사,2023,업체,유리 및 유리제품 제조업,526278.0,10579.0,로이드인증원㈜,
1300,환경부,코리아PTG(주),2023,사업장,기초 화학물질 제조업,106932.0,972.0,(재)한국품질재단,
1301,환경부,코스모신소재(주),2023,사업장,기타 화학제품 제조업,51887.0,915.0,한국표준협회,
1302,환경부,코스모화학,2023,사업장,기초 화학물질 제조업,80349.0,1409.0,한국표준협회,
1303,환경부,코스포영남파워 주식회사,2023,업체,전기업,680475.0,13522.0,한국표준협회,
1304,환경부,코어엔텍 주식회사,2023,업체,폐기물 처리업,307485.0,1776.0,로이드인증원㈜,
1305,산업통상자원부,코오롱글로텍(주),2023,사업장,섬유,20503.0,328.0,한국표준협회,
1306,산업통상자원부,코오롱글로텍(주),2023,사업장,섬유,20503.0,328.0,한국표준협회,
1307,환경부,코오롱바스프이노폼 주식회사,2023,사업장,합성고무 및 플라스틱 물질 제조업,89611.0,1421.0,한국표준협회,
1308,환경부,코오롱인더스트리 주식회사,2023,업체,합성고무 및 플라스틱 물질 제조업,555252.0,10375.0,한국표준협회,
1309,환경부,코오롱플라스틱(주),2023,업체,합성고무 및 플라스틱 물질 제조업,113843.0,1856.0,한국표준협회,
1310,농림축산식품부,코카콜라음료(주),2023,사업장,음료제조업,20829.0,426.0,(재)한국품질재단,
1311,농림축산식품부,코카콜라음료(주),2023,사업장,음료제조업,20829.0,426.0,(재)한국품질재단,
1312,국토교통부,쿠팡로지스틱스서비스 유한회사,2023,사업장,육상운송 및 파이프라인 운송업,94808.0,1531.0,㈜디엔브이비즈니스어슈어런스코리아,
1313,국토교통부,쿠팡로지스틱스서비스 유한회사,2023,사업장,육상운송 및 파이프라인 운송업,94998.0,1535.0,㈜디엔브이비즈니스어슈어런스코리아,
1314,국토교통부,쿠팡풀필먼트서비스 유한회사,2023,사업장,육상운송 및 파이프라인 운송업,171873.0,3579.0,㈜디엔브이비즈니스어슈어런스코리아,
1315,국토교통부,쿠팡풀필먼트서비스 유한회사,2023,업체,보관 및 창고업,174454.0,3634.0,㈜디엔브이비즈니스어슈어런스코리아,
1316,환경부,크나우프석고보드 주식회사,2023,업체,"시멘트, 석회, 플라스터 및 그 외 제품 제조업",119896.0,2384.0,(재)한국품질재단,
1317,산업통상자원부,타타대우상용차 주식회사,2023,사업장,자동차,17278.0,325.0,한국생산성본부인증원(주),
1318,산업통상자원부,타타대우상용차 주식회사,2023,사업장,자동차,17278.0,325.0,한국생산성본부인증원(주),
1319,환경부,태경산업(주),2023,업체,1차 철강 제조업,109006.0,1472.0,(주)한국경영인증원,
1320,환경부,태광산업 주식회사,2023,업체,기초 화학물질 제조업,955839.0,14525.0,한국표준협회,
1321,환경부,태림페이퍼주식회사,2023,업체,"펄프, 종이 및 판지 제조업",355388.0,5917.0,㈜한국품질보증원,
1322,환경부,태백시 환경자원센터,2023,사업장,지정외 폐기물처리업 등,10339.0,169.0,한국표준협회,
1323,환경부,태백시 환경자원센터,2023,사업장,지정외 폐기물처리업 등,10339.0,169.0,한국표준협회,
1324,환경부,태봉광업 주식회사,2023,업체,"시멘트, 석회, 플라스터 및 그 외 제품 제조업",261790.0,666.0,(주)비에스아이그룹코리아,
1325,산업통상자원부,태양금속공업(주),2023,사업장,기계,21302.0,409.0,(주)한국경영인증원,
1326,산업통상자원부,태양금속공업(주),2023,사업장,기계,21302.0,409.0,(주)한국경영인증원,
1327,환경부,태영세라믹(주),2023,사업장,"내화, 비내화 요업제품 제조업",25556.0,433.0,한국표준협회,
1328,환경부,통영시,2023,사업장,폐기물 처리업,34765.0,310.0,(재)한국품질재단,
1329,산업통상자원부,티케이지에코머티리얼 주식회사,2023,사업장,섬유,7728.0,204.0,(재)한국품질재단,
1330,산업통상자원부,티케이지에코머티리얼 주식회사,2023,사업장,섬유,7728.0,204.0,(재)한국품질재단,
1331,환경부,티케이지휴켐스 주식회사,2023,업체,기초 화학물질 제조업,79477.0,1544.0,(재)한국화학융합시험연구원,
1332,환경부,티케이케미칼,2023,업체,화학섬유 제조업,101603.0,1989.0,(주)한국경영인증원,
1333,국토교통부,파르나스호텔 주식회사,2023,사업장,건물,20580.0,424.0,한국표준협회,
1334,국토교통부,파르나스호텔 주식회사,2023,사업장,건물,20580.0,424.0,한국표준협회,
1335,환경부,파인트리포스마그네슘 주식회사,2023,사업장,금속 주조업,35804.0,76.0,(재)한국품질재단,
1336,환경부,파주시,2023,업체,폐기물 처리업,156399.0,1215.0,㈜한국품질보증원,
1337,환경부,파주에너지서비스,2023,업체,전기업,3885296.0,75682.0,(주)한국경영인증원,
1338,산업통상자원부,파주에코에너지(주),2023,사업장,발전에너지,21546.0,0.0,(주)한국경영인증원,
1339,산업통상자원부,파주에코에너지(주),2023,사업장,발전에너지,21546.0,0.0,(주)한국경영인증원,
1340,환경부,파주전기초자 주식회사,2023,사업장,유리 및 유리제품 제조업,25794.0,425.0,㈜디엔브이비즈니스어슈어런스코리아,
1341,산업통상자원부,팔미금속공업(주),2023,사업장,철강,16861.0,314.0,한국표준협회,
1342,산업통상자원부,팔미금속공업(주),2023,사업장,철강,16861.0,314.0,한국표준협회,
1343,환경부,페이퍼코리아,2023,사업장,"펄프, 종이 및 판지 제조업",92403.0,1540.0,한국표준협회,
1344,환경부,평택시,2023,업체,"하수, 폐수 및 분뇨 처리업",126432.0,1792.0,㈜한국품질보증원,
1345,환경부,평택에너지서비스(주),2023,업체,"증기, 냉ㆍ온수 및 공기 조절 공급업",1278920.0,25012.0,㈜디엔브이비즈니스어슈어런스코리아,
1346,환경부,평화산업(주),2023,사업장,고무제품 제조업,32191.0,656.0,지속가능인증원주식회사,
1347,산업통상자원부,평화오일씰공업(주),2023,사업장,자동차,15061.0,313.0,지속가능인증원주식회사,
1348,산업통상자원부,평화오일씰공업(주),2023,사업장,자동차,15061.0,313.0,지속가능인증원주식회사,
1349,환경부,포스코스틸리온(주),2023,사업장,1차 철강 제조업,114417.0,2330.0,한국표준협회,
1350,환경부,포스코홀딩스 주식회사,2023,업체,1차 철강 제조업,6645.0,136.0,(재)한국품질재단,
1351,환경부,포천민자발전 주식회사,2023,업체,전기업,1421820.0,28120.0,(재)한국품질재단,
1352,환경부,포천시,2023,사업장,폐기물 처리업,58762.0,626.0,㈜한국품질보증원,
1353,환경부,포천파워(주),2023,업체,전기업,1829843.0,36356.0,(재)한국품질재단,
1354,환경부,포항시,2023,업체,폐기물 처리업,160629.0,2401.0,㈜한국품질보증원,
1355,환경부,폴리미래(주),2023,사업장,합성고무 및 플라스틱 물질 제조업,100997.0,1882.0,(재)한국화학융합시험연구원,
1356,환경부,피아이첨단소재 주식회사,2023,사업장,플라스틱 제품 제조업,83003.0,1450.0,(재)한국품질재단,
1357,환경부,하나마이크론,2023,사업장,반도체 제조업,38134.0,794.0,(주)한국경영인증원,
1358,산업통상자원부,하나머티리얼즈(주),2023,사업장,반도체,20428.0,425.0,한국표준협회,
1359,산업통상자원부,하나머티리얼즈(주),2023,사업장,반도체,20428.0,425.0,한국표준협회,
1360,환경부,하남시,2023,사업장,폐기물 처리업,36998.0,493.0,(재)한국품질재단,
1361,환경부,하이트진로(주),2023,업체,알코올 음료 제조업,116077.0,2288.0,(재)한국품질재단,
1362,환경부,하이트진로산업(주),2023,사업장,유리 및 유리제품 제조업,32411.0,477.0,(주)한국경영인증원,
1363,환경부,하이호경금속 주식회사,2023,사업장,1차 비철금속 제조업,24395.0,402.0,㈜한국품질보증원,
1364,환경부,학교법인 가톨릭학원,2023,사업장,병원,140421.0,2858.0,한국표준협회,
1365,환경부,학교법인 건국대학교,2023,사업장,고등 교육기관,72202.0,1457.0,(주)한국경영인증원,
1366,국토교통부,학교법인 경희학원,2023,업체,건물,60346.0,1240.0,로이드인증원㈜,
1367,국토교통부,학교법인 경희학원,2023,업체,건물,60346.0,1240.0,로이드인증원㈜,
1368,국토교통부,학교법인 계명대학교,2023,사업장,건물,21292.0,434.0,(주)한국경영인증원,
1369,국토교통부,학교법인 계명대학교,2023,사업장,건물,21292.0,434.0,(주)한국경영인증원,
1370,환경부,학교법인 고려중앙학원,2023,사업장,고등 교육기관,108831.0,2241.0,㈜한국품질보증원,
1371,환경부,학교법인 성균관대학,2023,사업장,고등 교육기관,69922.0,1410.0,(주)한국경영인증원,
1372,환경부,학교법인 연세대학교,2023,업체,고등 교육기관,201772.0,4174.0,(재)한국품질재단,
1373,국토교통부,학교법인 영남학원,2023,사업장,건물,30794.0,633.0,㈜한국품질보증원,
1374,국토교통부,학교법인 영남학원,2023,사업장,건물,30794.0,633.0,㈜한국품질보증원,
1375,환경부,학교법인 이화학당,2023,사업장,고등 교육기관,73133.0,3105.0,(주)한국경영인증원,
1376,국토교통부,학교법인 중앙대학교,2023,사업장,건물,20141.0,415.0,한국표준협회,
1377,국토교통부,학교법인 중앙대학교,2023,사업장,건물,20141.0,415.0,한국표준협회,
1378,환경부,학교법인 포항공과대학교,2023,사업장,고등 교육기관,75836.0,1733.0,㈜한국품질보증원,
1379,환경부,학교법인 한양학원,2023,사업장,고등 교육기관,79289.0,1613.0,(주)한국경영인증원,
1380,환경부,한국가스공사,2023,업체,연료용 가스 제조 및 배관공급업,654218.0,12626.0,(주)신화엔지니어링종합건축사사무소,
1381,환경부,한국경남태양유전(주),2023,사업장,전자 부품 제조업,84149.0,1662.0,(주)한국경영인증원,
1382,환경부,한국공항공사,2023,사업장,기타 운송관련 서비스업,94111.0,1939.0,로이드인증원㈜,
1383,국토교통부,한국과학기술연구원,2023,사업장,건물,18514.0,383.0,(주)한국경영인증원,
1384,국토교통부,한국과학기술연구원,2023,사업장,건물,18514.0,383.0,(주)한국경영인증원,
1385,환경부,한국과학기술원,2023,사업장,고등 교육기관,85412.0,1723.0,(주)한국경영인증원,
1386,국토교통부,한국과학기술정보연구원,2023,사업장,건물,20768.0,433.0,(주)신화엔지니어링종합건축사사무소,
1387,국토교통부,한국과학기술정보연구원,2023,사업장,건물,20768.0,433.0,(주)신화엔지니어링종합건축사사무소,
1388,산업통상자원부,한국기초소재(주),2023,사업장,시멘트,20818.0,424.0,한국표준협회,
1389,산업통상자원부,한국기초소재(주),2023,사업장,시멘트,20818.0,424.0,한국표준협회,
1390,환경부,한국남동발전,2023,업체,전기업,31642766.0,383625.0,한국표준협회,
1391,환경부,한국남부발전 주식회사,2023,업체,전기업,26749983.0,345098.0,(재)한국품질재단,
1392,환경부,한국넥슬렌유한회사,2023,업체,합성고무 및 플라스틱 물질 제조업,119806.0,2206.0,한국표준협회,
1393,환경부,한국니토옵티칼(주),2023,사업장,플라스틱 제품 제조업,33388.0,634.0,㈜디엔브이비즈니스어슈어런스코리아,
1394,환경부,한국도로공사,2023,업체,기타 운송관련 서비스업,264087.0,5290.0,로이드인증원㈜,
1395,환경부,한국동서발전 주식회사,2023,업체,전기업,27175504.0,327976.0,㈜한국품질보증원,
1396,산업통상자원부,한국무브넥스(주),2023,사업장,철강,17429.0,362.0,한국표준협회,
1397,산업통상자원부,한국무브넥스(주),2023,사업장,철강,17429.0,362.0,한국표준협회,
1398,환경부,한국바스프 주식회사,2023,업체,기초 화학물질 제조업,642191.0,9586.0,(재)한국품질재단,
1399,국토교통부,한국방송공사,2023,사업장,건물,16960.0,355.0,대일이엔씨기술(주),
1400,국토교통부,한국방송공사,2023,사업장,건물,16960.0,355.0,대일이엔씨기술(주),
1401,국토교통부,한국보훈복지의료공단,2023,사업장,건물,15169.0,311.0,한국표준협회,
1402,국토교통부,한국보훈복지의료공단,2023,사업장,건물,15169.0,311.0,한국표준협회,
1403,환경부,한국서부발전,2023,업체,전기업,29297637.0,363987.0,(주)신화엔지니어링종합건축사사무소,
1404,산업통상자원부,한국세큐리트(주),2023,사업장,유리,31271.0,650.0,(주)한국경영인증원,
1405,산업통상자원부,한국세큐리트(주),2023,사업장,유리,31271.0,650.0,(주)한국경영인증원,
1406,환경부,한국수력원자력,2023,업체,전기업,3051212.0,62322.0,(재)한국품질재단,
1407,환경부,한국수자원공사,2023,업체,수도업,794143.0,16550.0,(주)한국경영인증원,
1408,환경부,한국수출포장공업(주),2023,업체,"펄프, 종이 및 판지 제조업",124898.0,1861.0,㈜디엔브이비즈니스어슈어런스코리아,
1409,환경부,한국쓰리엠(주),2023,사업장,플라스틱 제품 제조업,43292.0,882.0,한국표준협회,
1410,환경부,한국씨엔티(주),2023,사업장,"시멘트, 석회, 플라스터 및 그 외 제품 제조업",58675.0,1147.0,(주)한국경영인증원,
1411,환경부,한국알콜산업(주),2023,사업장,기초 화학물질 제조업,35201.0,1497.0,한국생산성본부인증원(주),
1412,환경부,한국알콜산업(주),2023,사업장,기초 화학물질 제조업,35201.0,1497.0,한국생산성본부인증원(주),
1413,환경부,한국앤컴퍼니 주식회사,2023,업체,일차전지 및 축전지 제조업,76233.0,1574.0,(재)한국화학융합시험연구원,
1414,산업통상자원부,한국엔에스케이(주),2023,사업장,기계,19414.0,405.0,한국표준협회,
1415,산업통상자원부,한국엔에스케이(주),2023,사업장,기계,19414.0,405.0,한국표준협회,
1416,환경부,한국엔지니어링플라스틱,2023,업체,합성고무 및 플라스틱 물질 제조업,174975.0,3357.0,한국표준협회,
1417,환경부,한국오웬스코닝(주),2023,사업장,유리 및 유리제품 제조업,78110.0,1500.0,대일이엔씨기술(주),
1418,국토교통부,한국원자력연구원,2023,사업장,건물,21384.0,441.0,로이드인증원㈜,
1419,국토교통부,한국원자력연구원,2023,사업장,건물,21384.0,441.0,로이드인증원㈜,
1420,국토교통부,한국원자력의학원,2023,사업장,건물,16427.0,337.0,로이드인증원㈜,
1421,국토교통부,한국원자력의학원,2023,사업장,건물,16427.0,337.0,로이드인증원㈜,
1422,환경부,한국유미코아 유한책임회사,2023,사업장,일차전지 및 축전지 제조업,84221.0,1689.0,(재)한국품질재단,
1423,환경부,한국이네오스스티롤루션 주식회사,2023,사업장,합성고무 및 플라스틱 물질 제조업,71444.0,1568.0,(재)한국품질재단,
1424,환경부,한국전력공사,2023,업체,전기업,870499.0,7868.0,지속가능인증원주식회사,
1425,국토교통부,한국전자통신연구원,2023,사업장,건물,19730.0,409.0,대일이엔씨기술(주),
1426,국토교통부,한국전자통신연구원,2023,사업장,건물,19730.0,409.0,대일이엔씨기술(주),
1427,환경부,한국제강 주식회사,2023,업체,1차 철강 제조업,233174.0,4322.0,한국표준협회,
1428,환경부,한국제지 주식회사,2023,업체,"펄프, 종이 및 판지 제조업",310138.0,6436.0,(재)한국품질재단,
1429,환경부,한국주철관공업(주),2023,사업장,1차 철강 제조업,60392.0,800.0,한국표준협회,
1430,환경부,한국중부발전,2023,업체,전기업,31296813.0,400017.0,(재)한국품질재단,
1431,환경부,한국지엠 주식회사,2023,업체,자동차용 엔진 및 자동차 제조업,248449.0,5050.0,한국표준협회,
1432,환경부,한국지역난방공사,2023,업체,"증기, 냉ㆍ온수 및 공기 조절 공급업",5764532.0,115706.0,(주)신화엔지니어링종합건축사사무소,
1433,환경부,한국철강,2023,업체,1차 철강 제조업,374042.0,6713.0,㈜한국품질보증원,
1434,환경부,한국철도공사,2023,업체,철도 운송업,1504017.0,29835.0,한국표준협회,
1435,환경부,한국타이어앤테크놀로지(주),2023,업체,고무제품 제조업,408777.0,8445.0,(재)한국품질재단,
1436,환경부,한국토지주택공사,2023,업체,"증기, 냉ㆍ온수 및 공기 조절 공급업",236696.0,4713.0,㈜디엔브이비즈니스어슈어런스코리아,
1437,국토교통부,한국표준과학연구원,2023,사업장,건물,21175.0,437.0,(주)신화엔지니어링종합건축사사무소,
1438,국토교통부,한국표준과학연구원,2023,사업장,건물,21175.0,437.0,(주)신화엔지니어링종합건축사사무소,
1439,농림축산식품부,한국필립모리스(주),2023,사업장,담배제조업,22872.0,468.0,한국표준협회,
1440,농림축산식품부,한국필립모리스(주),2023,사업장,담배제조업,22872.0,468.0,한국표준협회,
1441,환경부,한국항공우주산업(주),2023,사업장,"항공기, 우주선 및 부품 제조업",65285.0,1299.0,(주)신화엔지니어링종합건축사사무소,
1442,국토교통부,한국핵융합에너지연구원,2023,사업장,건물,11740.0,245.0,(주)신화엔지니어링종합건축사사무소,
1443,국토교통부,한국핵융합에너지연구원,2023,사업장,건물,11740.0,245.0,(주)신화엔지니어링종합건축사사무소,
1444,환경부,한국환경개발(주),2023,업체,폐기물 처리업,96115.0,466.0,(주)한국경영인증원,
1445,환경부,한국환경개발(주),2023,업체,폐기물 처리업,96115.0,466.0,(주)한국경영인증원,
1446,환경부,한라시멘트주식회사,2023,업체,"시멘트, 석회, 플라스터 및 그 외 제품 제조업",4237627.0,24346.0,한국표준협회,
1447,환경부,한맥테코산업㈜,2023,업체,폐기물 처리업,44476.0,32.0,㈜한국품질보증원,
1448,환경부,한맥테코산업㈜,2023,업체,폐기물 처리업,44476.0,32.0,㈜한국품질보증원,
1449,국토교통부,한무쇼핑 주식회사,2023,업체,건물,64924.0,1365.0,한국표준협회,
1450,국토교통부,한무쇼핑 주식회사,2023,업체,건물,64924.0,1365.0,한국표준협회,
1451,환경부,한미약품(주),2023,사업장,의약품 제조업,61238.0,1223.0,(주)한국경영인증원,
1452,산업통상자원부,한미정밀화학(주),2023,사업장,석유화학,15842.0,366.0,(주)한국경영인증원,
1453,산업통상자원부,한미정밀화학(주),2023,사업장,석유화학,15842.0,366.0,(주)한국경영인증원,
1454,국토교통부,한성운수(주),2023,사업장,교통(여객),15288.0,293.0,(주)한국경영인증원,
1455,국토교통부,한성운수(주),2023,사업장,교통(여객),15288.0,293.0,(주)한국경영인증원,
1456,환경부,한세이프에너지(주),2023,업체,폐기물 처리업,50215.0,47.0,(재)한국품질재단,
1457,환경부,한세이프에너지(주),2023,업체,폐기물 처리업,50215.0,47.0,(재)한국품질재단,
1458,환경부,한솔제지,2023,업체,"펄프, 종이 및 판지 제조업",910726.0,14976.0,(주)한국경영인증원,
1459,산업통상자원부,한솔테크닉스(주),2023,사업장,전기전자,6950.0,144.0,한국표준협회,
1460,산업통상자원부,한솔테크닉스(주),2023,사업장,전기전자,6950.0,144.0,한국표준협회,
1461,환경부,한솔페이퍼텍주식회사,2023,사업장,"펄프, 종이 및 판지 제조업",112002.0,1393.0,(주)한국경영인증원,
1462,환경부,한온시스템 주식회사,2023,사업장,자동차 신품 부품 제조업,62802.0,1321.0,㈜디엔브이비즈니스어슈어런스코리아,
1463,산업통상자원부,한융금속(주),2023,사업장,비철금속,17569.0,282.0,(주)한국경영인증원,
1464,산업통상자원부,한융금속(주),2023,사업장,비철금속,17569.0,282.0,(주)한국경영인증원,
1465,환경부,한일시멘트 주식회사,2023,업체,"시멘트, 석회, 플라스터 및 그 외 제품 제조업",4370690.0,27990.0,한국표준협회,
1466,환경부,한일제관(주),2023,사업장,기타 금속 가공제품 제조업,58397.0,1188.0,(주)한국경영인증원,
1467,산업통상자원부,한일캔 주식회사,2023,사업장,기계,25169.0,442.0,(주)한국경영인증원,
1468,산업통상자원부,한일캔 주식회사,2023,사업장,기계,25169.0,442.0,(주)한국경영인증원,
1469,환경부,한일현대시멘트 주식회사,2023,업체,"시멘트, 석회, 플라스터 및 그 외 제품 제조업",2903539.0,19507.0,한국표준협회,
1470,산업통상자원부,한전원자력연료 주식회사,2023,사업장,석유화학,18030.0,373.0,한국표준협회,
1471,산업통상자원부,한전원자력연료 주식회사,2023,사업장,석유화학,18030.0,373.0,한국표준협회,
1472,산업통상자원부,한주라이트메탈 주식회사,2023,사업장,비철금속,17792.0,364.0,(재)한국품질재단,
1473,산업통상자원부,한주라이트메탈 주식회사,2023,사업장,비철금속,17792.0,364.0,(재)한국품질재단,
1474,해양수산부,한진부산컨테이너터미널,2023,사업장,항만,30913.0,616.0,(주)한국경영인증원,
1475,해양수산부,한진부산컨테이너터미널,2023,사업장,항만,30913.0,616.0,(주)한국경영인증원,
1476,환경부,한화솔루션 주식회사,2023,업체,기초 화학물질 제조업,2481024.0,48414.0,㈜디엔브이비즈니스어슈어런스코리아,
1477,환경부,한화에너지주식회사,2023,업체,"증기, 냉ㆍ온수 및 공기 조절 공급업",4957076.0,55185.0,한국표준협회,
1478,환경부,한화에어로스페이스 주식회사,2023,사업장,무기 및 총포탄 제조업,102289.0,1996.0,㈜디엔브이비즈니스어슈어런스코리아,
1479,환경부,한화엔진 주식회사,2023,사업장,일반 목적용 기계 제조업,37488.0,670.0,㈜디엔브이비즈니스어슈어런스코리아,"""HSD엔진㈜"" 업체명 변경"
1480,환경부,한화오션(주),2023,업체,선박 및 보트 건조업,416679.0,7394.0,㈜디엔브이비즈니스어슈어런스코리아,
1481,산업통상자원부,한화오션에코텍(주),2023,사업장,조선,21505.0,333.0,(주)한국경영인증원,
1482,산업통상자원부,한화오션에코텍(주),2023,사업장,조선,21505.0,333.0,(주)한국경영인증원,
1483,환경부,한화임팩트 주식회사,2023,업체,기초 화학물질 제조업,516207.0,9002.0,㈜디엔브이비즈니스어슈어런스코리아,
1484,산업통상자원부,한화첨단소재,2023,사업장,석유화학,42977.0,885.0,㈜디엔브이비즈니스어슈어런스코리아,
1485,산업통상자원부,한화첨단소재,2023,사업장,석유화학,42977.0,885.0,㈜디엔브이비즈니스어슈어런스코리아,
1486,환경부,한화토탈에너지스 주식회사,2023,업체,기초 화학물질 제조업,4571101.0,103864.0,한국가스안전공사,
1487,국토교통부,한화호텔앤드리조트 주식회사,2023,업체,건물,56254.0,1119.0,한국표준협회,
1488,국토교통부,한화호텔앤드리조트 주식회사,2023,업체,건물,56254.0,1119.0,한국표준협회,
1489,환경부,한황산업주식회사,2023,사업장,자동차 신품 부품 제조업,42468.0,790.0,㈜한국품질보증원,
1490,환경부,해성디에스 주식회사,2023,사업장,반도체 제조업,65732.0,1470.0,(주)비에스아이그룹코리아,
1491,농림축산식품부,해태에이치티비(주),2023,사업장,음료제조업,18104.0,465.0,(재)한국품질재단,
1492,농림축산식품부,해태에이치티비(주),2023,사업장,음료제조업,18104.0,465.0,(재)한국품질재단,
1493,환경부,핸즈식스주식회사,2023,사업장,자동차 신품 부품 제조업,73037.0,1494.0,(주)한국경영인증원,
1494,환경부,핸즈코퍼레이션주식회사,2023,사업장,자동차 신품 부품 제조업,58536.0,1190.0,(재)한국품질재단,
1495,국토교통부,현대건설(주),2023,업체,건설,87852.0,1722.0,로이드인증원㈜,
1496,국토교통부,현대건설(주),2023,업체,건설,87852.0,1722.0,로이드인증원㈜,
1497,환경부,현대글로비스(주),2023,사업장,도로 화물 운송업,79275.0,1207.0,한국표준협회,
1498,산업통상자원부,현대로템 주식회사,2023,사업장,기계,18055.0,364.0,(주)한국경영인증원,
1499,산업통상자원부,현대로템 주식회사,2023,사업장,기계,18055.0,364.0,(주)한국경영인증원,
1500,환경부,현대모비스(주),2023,업체,자동차 신품 부품 제조업,100704.0,2074.0,(재)한국품질재단,
1501,환경부,현대미포조선,2023,업체,선박 및 보트 건조업,163099.0,2905.0,한국표준협회,
1502,환경부,현대비앤지스틸(주),2023,사업장,1차 철강 제조업,82355.0,1686.0,㈜디엔브이비즈니스어슈어런스코리아,
1503,환경부,현대삼호중공업 주식회사,2023,업체,선박 및 보트 건조업,266200.0,4552.0,㈜디엔브이비즈니스어슈어런스코리아,
1504,환경부,현대석회(주),2023,사업장,"시멘트, 석회, 플라스터 및 그 외 제품 제조업",84959.0,236.0,(주)한국경영인증원,
1505,환경부,현대성우쏠라이트 주식회사,2023,사업장,일차전지 및 축전지 제조업,40265.0,830.0,한국표준협회,
1506,환경부,현대성우캐스팅 주식회사,2023,업체,자동차 신품 부품 제조업,205747.0,4004.0,(재)한국품질재단,
1507,환경부,현대스틸파이프 주식회사,2023,사업장,1차 철강 제조업,33764.0,693.0,로이드인증원㈜,
1508,환경부,현대아이에프씨 주식회사,2023,업체,1차 철강 제조업,245039.0,4524.0,로이드인증원㈜,
1509,환경부,현대오일뱅크,2023,업체,석유 정제품 제조업,6049520.0,75295.0,(재)한국품질재단,
1510,산업통상자원부,현대오토에버 주식회사,2023,사업장,통신,21379.0,446.0,대일이엔씨기술(주),
1511,산업통상자원부,현대오토에버 주식회사,2023,사업장,통신,21379.0,446.0,대일이엔씨기술(주),
1512,환경부,현대위아 주식회사,2023,업체,자동차 신품 부품 제조업,138476.0,2876.0,㈜디엔브이비즈니스어슈어런스코리아,
1513,환경부,현대자동차 주식회사,2023,업체,자동차용 엔진 및 자동차 제조업,1569435.0,32336.0,로이드인증원㈜,
1514,환경부,현대제철 주식회사,2023,업체,1차 철강 제조업,29269107.0,167110.0,로이드인증원㈜,
1515,산업통상자원부,현대종합금속(주),2023,사업장,기계,17435.0,357.0,로이드인증원㈜,
1516,산업통상자원부,현대종합금속(주),2023,사업장,기계,17435.0,357.0,로이드인증원㈜,
1517,환경부,현대종합특수강 주식회사,2023,사업장,1차 철강 제조업,49081.0,988.0,한국표준협회,
1518,환경부,현대트랜시스 주식회사,2023,업체,자동차 신품 부품 제조업,194917.0,4038.0,㈜디엔브이비즈니스어슈어런스코리아,
1519,산업통상자원부,현우산업(주),2023,사업장,전기전자,16564.0,345.0,한국표준협회,
1520,산업통상자원부,현우산업(주),2023,사업장,전기전자,16564.0,345.0,한국표준협회,
1521,산업통상자원부,호스트웨이아이디씨(주),2023,사업장,통신,16766.0,350.0,로이드인증원㈜,
1522,산업통상자원부,호스트웨이아이디씨(주),2023,사업장,통신,16766.0,350.0,로이드인증원㈜,
1523,환경부,홈플러스 주식회사,2023,업체,종합 소매업,395741.0,8060.0,로이드인증원㈜,
1524,환경부,홍덕산업(주),2023,사업장,1차 철강 제조업,73375.0,1642.0,한국생산성본부인증원(주),
1525,환경부,홍원제지(주),2023,사업장,"펄프, 종이 및 판지 제조업",104008.0,1454.0,한국표준협회,
1526,환경부,홍천군,2023,사업장,폐기물,16206.0,79.0,(재)한국품질재단,
1527,환경부,홍천군,2023,사업장,폐기물,16206.0,79.0,(재)한국품질재단,
1528,환경부,화성시,2023,사업장,폐기물 처리업,131745.0,1254.0,㈜한국품질보증원,"""화성시청"" 업체명 변경"
1529,국토교통부,화영운수(주),2023,사업장,교통(여객),17681.0,293.0,한국표준협회,
1530,국토교통부,화영운수(주),2023,사업장,교통(여객),17681.0,293.0,한국표준협회,
1531,환경부,환영철강공업,2023,업체,1차 철강 제조업,252775.0,4707.0,㈜한국품질보증원,
1532,환경부,효성중공업 주식회사,2023,사업장,"전동기, 발전기 및 전기 변환ㆍ공급ㆍ제어 장치 제조업",47870.0,1009.0,㈜디엔브이비즈니스어슈어런스코리아,
1533,환경부,효성첨단소재 주식회사,2023,업체,화학섬유 제조업,168272.0,3759.0,㈜디엔브이비즈니스어슈어런스코리아,
1534,환경부,효성티앤씨 주식회사,2023,업체,화학섬유 제조업,259764.0,5961.0,㈜디엔브이비즈니스어슈어런스코리아,
1535,환경부,효성화학 주식회사,2023,업체,기초 화학물질 제조업,839757.0,18333.0,㈜디엔브이비즈니스어슈어런스코리아,
1536,국토교통부,휘닉스중앙 주식회사,2023,사업장,건물,21917.0,436.0,(주)한국경영인증원,
1537,국토교통부,휘닉스중앙 주식회사,2023,사업장,건물,21917.0,436.0,(주)한국경영인증원,
1538,환경부,휴비스,2023,업체,화학섬유 제조업,393137.0,5860.0,한국표준협회,
1539,산업통상자원부,희성촉매(주),2023,사업장,석유화학,21525.0,439.0,한국표준협회,
1540,산업통상자원부,희성촉매(주),2023,사업장,석유화학,21525.0,439.0,한국표준협회,
